session_id,frame_index,header_timestamp_ns,return_count
20260730_indoor_ball_1p5m_front_static_run01,0,1785425776806629120,35
20260730_indoor_ball_1p5m_front_static_run01,1,1785425776910345472,32
20260730_indoor_ball_1p5m_front_static_run01,2,1785425777009736448,43
20260730_indoor_ball_1p5m_front_static_run01,3,1785425777110252288,33
20260730_indoor_ball_1p5m_front_static_run01,4,1785425777211088128,31
20260730_indoor_ball_1p5m_front_static_run01,5,1785425777313097472,45
20260730_indoor_ball_1p5m_front_static_run01,6,1785425777412631808,33
20260730_indoor_ball_1p5m_front_static_run01,7,1785425777510712576,30
20260730_indoor_ball_1p5m_front_static_run01,8,1785425777611218176,43
20260730_indoor_ball_1p5m_front_static_run01,9,1785425777711800576,35
20260730_indoor_ball_1p5m_front_static_run01,10,1785425777813120768,30
20260730_indoor_ball_1p5m_front_static_run01,11,1785425777911317504,41
20260730_indoor_ball_1p5m_front_static_run01,12,1785425778012404224,35
20260730_indoor_ball_1p5m_front_static_run01,13,1785425778113117952,32
20260730_indoor_ball_1p5m_front_static_run01,14,1785425778212399360,43
20260730_indoor_ball_1p5m_front_static_run01,15,1785425778312961280,33
20260730_indoor_ball_1p5m_front_static_run01,16,1785425778413266176,30
20260730_indoor_ball_1p5m_front_static_run01,17,1785425778511997952,43
20260730_indoor_ball_1p5m_front_static_run01,18,1785425778615482624,35
20260730_indoor_ball_1p5m_front_static_run01,19,1785425778719811840,31
20260730_indoor_ball_1p5m_front_static_run01,20,1785425778814769664,44
20260730_indoor_ball_1p5m_front_static_run01,21,1785425778913889536,33
20260730_indoor_ball_1p5m_front_static_run01,22,1785425779016083200,32
20260730_indoor_ball_1p5m_front_static_run01,23,1785425779114213120,39
20260730_indoor_ball_1p5m_front_static_run01,24,1785425779214103552,35
20260730_indoor_ball_1p5m_front_static_run01,25,1785425779315131136,31
20260730_indoor_ball_1p5m_front_static_run01,26,1785425779416486400,38
20260730_indoor_ball_1p5m_front_static_run01,27,1785425779516740608,35
20260730_indoor_ball_1p5m_front_static_run01,28,1785425779615035904,33
20260730_indoor_ball_1p5m_front_static_run01,29,1785425779715944704,40
20260730_indoor_ball_1p5m_front_static_run01,30,1785425779815323904,36
20260730_indoor_ball_1p5m_front_static_run01,31,1785425779914983936,33
20260730_indoor_ball_1p5m_front_static_run01,32,1785425780015498240,40
20260730_indoor_ball_1p5m_front_static_run01,33,1785425780117932032,35
20260730_indoor_ball_1p5m_front_static_run01,34,1785425780215959808,32
20260730_indoor_ball_1p5m_front_static_run01,35,1785425780316221952,39
20260730_indoor_ball_1p5m_front_static_run01,36,1785425780416773120,36
20260730_indoor_ball_1p5m_front_static_run01,37,1785425780516392448,32
20260730_indoor_ball_1p5m_front_static_run01,38,1785425780616741376,37
20260730_indoor_ball_1p5m_front_static_run01,39,1785425780718795520,38
20260730_indoor_ball_1p5m_front_static_run01,40,1785425780817507584,33
20260730_indoor_ball_1p5m_front_static_run01,41,1785425780916646656,38
20260730_indoor_ball_1p5m_front_static_run01,42,1785425781018648064,35
20260730_indoor_ball_1p5m_front_static_run01,43,1785425781118123520,28
20260730_indoor_ball_1p5m_front_static_run01,44,1785425781217448704,27
20260730_indoor_ball_1p5m_front_static_run01,45,1785425781318364160,34
20260730_indoor_ball_1p5m_front_static_run01,46,1785425781417733888,42
20260730_indoor_ball_1p5m_front_static_run01,47,1785425781517540352,26
20260730_indoor_ball_1p5m_front_static_run01,48,1785425781618723584,37
20260730_indoor_ball_1p5m_front_static_run01,49,1785425781719277824,34
20260730_indoor_ball_1p5m_front_static_run01,50,1785425781820191744,33
20260730_indoor_ball_1p5m_front_static_run01,51,1785425781922470912,40
20260730_indoor_ball_1p5m_front_static_run01,52,1785425782021911296,35
20260730_indoor_ball_1p5m_front_static_run01,53,1785425782119436800,32
20260730_indoor_ball_1p5m_front_static_run01,54,1785425782220720896,40
20260730_indoor_ball_1p5m_front_static_run01,55,1785425782319890176,36
20260730_indoor_ball_1p5m_front_static_run01,56,1785425782421742848,31
20260730_indoor_ball_1p5m_front_static_run01,57,1785425782521162496,39
20260730_indoor_ball_1p5m_front_static_run01,58,1785425782627433984,37
20260730_indoor_ball_1p5m_front_static_run01,59,1785425782721275648,33
20260730_indoor_ball_1p5m_front_static_run01,60,1785425782821602304,39
20260730_indoor_ball_1p5m_front_static_run01,61,1785425782921953536,36
20260730_indoor_ball_1p5m_front_static_run01,62,1785425783021493248,31
20260730_indoor_ball_1p5m_front_static_run01,63,1785425783122389760,41
20260730_indoor_ball_1p5m_front_static_run01,64,1785425783225000960,36
20260730_indoor_ball_1p5m_front_static_run01,65,1785425783324910848,32
20260730_indoor_ball_1p5m_front_static_run01,66,1785425783425000448,40
20260730_indoor_ball_1p5m_front_static_run01,67,1785425783523201024,40
20260730_indoor_ball_1p5m_front_static_run01,68,1785425783625180160,30
20260730_indoor_ball_1p5m_front_static_run01,69,1785425783725826816,36
20260730_indoor_ball_1p5m_front_static_run01,70,1785425783825677824,34
20260730_indoor_ball_1p5m_front_static_run01,71,1785425783923942912,26
20260730_indoor_ball_1p5m_front_static_run01,72,1785425784025682176,53
20260730_indoor_ball_1p5m_front_static_run01,73,1785425784125701120,34
20260730_indoor_ball_1p5m_front_static_run01,74,1785425784224974336,25
20260730_indoor_ball_1p5m_front_static_run01,75,1785425784325488896,34
20260730_indoor_ball_1p5m_front_static_run01,76,1785425784427398144,42
20260730_indoor_ball_1p5m_front_static_run01,77,1785425784525117696,33
20260730_indoor_ball_1p5m_front_static_run01,78,1785425784626244096,36
20260730_indoor_ball_1p5m_front_static_run01,79,1785425784725175552,42
20260730_indoor_ball_1p5m_front_static_run01,80,1785425784825566976,33
20260730_indoor_ball_1p5m_front_static_run01,81,1785425784925991680,36
20260730_indoor_ball_1p5m_front_static_run01,82,1785425785025784576,42
20260730_indoor_ball_1p5m_front_static_run01,83,1785425785125499392,35
20260730_indoor_ball_1p5m_front_static_run01,84,1785425785228152064,37
20260730_indoor_ball_1p5m_front_static_run01,85,1785425785327778560,41
20260730_indoor_ball_1p5m_front_static_run01,86,1785425785427038208,35
20260730_indoor_ball_1p5m_front_static_run01,87,1785425785527818752,36
20260730_indoor_ball_1p5m_front_static_run01,88,1785425785629130496,42
20260730_indoor_ball_1p5m_front_static_run01,89,1785425785728885248,35
20260730_indoor_ball_1p5m_front_static_run01,90,1785425785829873152,34
20260730_indoor_ball_1p5m_front_static_run01,91,1785425785929729024,42
20260730_indoor_ball_1p5m_front_static_run01,92,1785425786027400192,35
20260730_indoor_ball_1p5m_front_static_run01,93,1785425786130454016,33
20260730_indoor_ball_1p5m_front_static_run01,94,1785425786232346880,42
20260730_indoor_ball_1p5m_front_static_run01,95,1785425786328432384,35
20260730_indoor_ball_1p5m_front_static_run01,96,1785425786429880320,33
20260730_indoor_ball_1p5m_front_static_run01,97,1785425786528690176,43
20260730_indoor_ball_1p5m_front_static_run01,98,1785425786628609024,35
20260730_indoor_ball_1p5m_front_static_run01,99,1785425786733059584,35
20260730_indoor_ball_1p5m_front_static_run01,100,1785425786830184704,44
20260730_indoor_ball_1p5m_front_static_run01,101,1785425786932704256,34
20260730_indoor_ball_1p5m_front_static_run01,102,1785425787034013440,30
20260730_indoor_ball_1p5m_front_static_run01,103,1785425787131517184,41
20260730_indoor_ball_1p5m_front_static_run01,104,1785425787230358016,35
20260730_indoor_ball_1p5m_front_static_run01,105,1785425787329995264,31
20260730_indoor_ball_1p5m_front_static_run01,106,1785425787431057408,42
20260730_indoor_ball_1p5m_front_static_run01,107,1785425787531261440,33
20260730_indoor_ball_1p5m_front_static_run01,108,1785425787631750400,32
20260730_indoor_ball_1p5m_front_static_run01,109,1785425787731916288,43
20260730_indoor_ball_1p5m_front_static_run01,110,1785425787832841984,34
20260730_indoor_ball_1p5m_front_static_run01,111,1785425787933252608,29
20260730_indoor_ball_1p5m_front_static_run01,112,1785425788033258752,43
20260730_indoor_ball_1p5m_front_static_run01,113,1785425788131502592,33
20260730_indoor_ball_1p5m_front_static_run01,114,1785425788232168192,31
20260730_indoor_ball_1p5m_front_static_run01,115,1785425788332431616,43
20260730_indoor_ball_1p5m_front_static_run01,116,1785425788435379968,33
20260730_indoor_ball_1p5m_front_static_run01,117,1785425788533228032,33
20260730_indoor_ball_1p5m_front_static_run01,118,1785425788634840320,40
20260730_indoor_ball_1p5m_front_static_run01,119,1785425788732645376,35
20260730_indoor_ball_1p5m_front_static_run01,120,1785425788832890880,32
20260730_indoor_ball_1p5m_front_static_run01,121,1785425788933121024,36
20260730_indoor_ball_1p5m_front_static_run01,122,1785425789036480512,37
20260730_indoor_ball_1p5m_front_static_run01,123,1785425789134597376,31
20260730_indoor_ball_1p5m_front_static_run01,124,1785425789234706432,36
20260730_indoor_ball_1p5m_front_static_run01,125,1785425789336593408,38
20260730_indoor_ball_1p5m_front_static_run01,126,1785425789437009664,33
20260730_indoor_ball_1p5m_front_static_run01,127,1785425789538420480,37
20260730_indoor_ball_1p5m_front_static_run01,128,1785425789637187840,37
20260730_indoor_ball_1p5m_front_static_run01,129,1785425789735394304,31
20260730_indoor_ball_1p5m_front_static_run01,130,1785425789837680128,34
20260730_indoor_ball_1p5m_front_static_run01,131,1785425789935803904,39
20260730_indoor_ball_1p5m_front_static_run01,132,1785425790037628416,32
20260730_indoor_ball_1p5m_front_static_run01,133,1785425790137543936,34
20260730_indoor_ball_1p5m_front_static_run01,134,1785425790235350528,42
20260730_indoor_ball_1p5m_front_static_run01,135,1785425790337990656,33
20260730_indoor_ball_1p5m_front_static_run01,136,1785425790437468672,33
20260730_indoor_ball_1p5m_front_static_run01,137,1785425790536241408,41
20260730_indoor_ball_1p5m_front_static_run01,138,1785425790639618560,34
20260730_indoor_ball_1p5m_front_static_run01,139,1785425790739967744,35
20260730_indoor_ball_1p5m_front_static_run01,140,1785425790837795584,42
20260730_indoor_ball_1p5m_front_static_run01,141,1785425790939336704,33
20260730_indoor_ball_1p5m_front_static_run01,142,1785425791037539328,25
20260730_indoor_ball_1p5m_front_static_run01,143,1785425791140084224,52
20260730_indoor_ball_1p5m_front_static_run01,144,1785425791239101696,31
20260730_indoor_ball_3m_front_static_run01,0,1785426600415760640,8
20260730_indoor_ball_3m_front_static_run01,1,1785426600521653760,8
20260730_indoor_ball_3m_front_static_run01,2,1785426600621447424,11
20260730_indoor_ball_3m_front_static_run01,3,1785426600720935680,4
20260730_indoor_ball_3m_front_static_run01,4,1785426600821385984,8
20260730_indoor_ball_3m_front_static_run01,5,1785426600921651200,11
20260730_indoor_ball_3m_front_static_run01,6,1785426601024593152,9
20260730_indoor_ball_3m_front_static_run01,7,1785426601121675776,8
20260730_indoor_ball_3m_front_static_run01,8,1785426601222654976,10
20260730_indoor_ball_3m_front_static_run01,9,1785426601323842816,9
20260730_indoor_ball_3m_front_static_run01,10,1785426601423557632,9
20260730_indoor_ball_3m_front_static_run01,11,1785426601524838144,11
20260730_indoor_ball_3m_front_static_run01,12,1785426601622379520,9
20260730_indoor_ball_3m_front_static_run01,13,1785426601725660672,6
20260730_indoor_ball_3m_front_static_run01,14,1785426601823104000,10
20260730_indoor_ball_3m_front_static_run01,15,1785426601924286720,7
20260730_indoor_ball_3m_front_static_run01,16,1785426602023652608,9
20260730_indoor_ball_3m_front_static_run01,17,1785426602125020416,10
20260730_indoor_ball_3m_front_static_run01,18,1785426602223974144,9
20260730_indoor_ball_3m_front_static_run01,19,1785426602326114560,7
20260730_indoor_ball_3m_front_static_run01,20,1785426602428160768,8
20260730_indoor_ball_3m_front_static_run01,21,1785426602527806208,10
20260730_indoor_ball_3m_front_static_run01,22,1785426602626734848,4
20260730_indoor_ball_3m_front_static_run01,23,1785426602728265984,4
20260730_indoor_ball_3m_front_static_run01,24,1785426602825498880,15
20260730_indoor_ball_3m_front_static_run01,25,1785426602926254336,7
20260730_indoor_ball_3m_front_static_run01,26,1785426603025249024,3
20260730_indoor_ball_3m_front_static_run01,27,1785426603126130944,15
20260730_indoor_ball_3m_front_static_run01,28,1785426603231742208,7
20260730_indoor_ball_3m_front_static_run01,29,1785426603327910144,4
20260730_indoor_ball_3m_front_static_run01,30,1785426603427214336,15
20260730_indoor_ball_3m_front_static_run01,31,1785426603526724864,10
20260730_indoor_ball_3m_front_static_run01,32,1785426603627974144,2
20260730_indoor_ball_3m_front_static_run01,33,1785426603727104256,13
20260730_indoor_ball_3m_front_static_run01,34,1785426603827135232,9
20260730_indoor_ball_3m_front_static_run01,35,1785426603927466496,2
20260730_indoor_ball_3m_front_static_run01,36,1785426604028052224,15
20260730_indoor_ball_3m_front_static_run01,37,1785426604127626240,10
20260730_indoor_ball_3m_front_static_run01,38,1785426604229512448,2
20260730_indoor_ball_3m_front_static_run01,39,1785426604327749120,14
20260730_indoor_ball_3m_front_static_run01,40,1785426604429296896,11
20260730_indoor_ball_3m_front_static_run01,41,1785426604529660928,2
20260730_indoor_ball_3m_front_static_run01,42,1785426604631163904,13
20260730_indoor_ball_3m_front_static_run01,43,1785426604730922752,10
20260730_indoor_ball_3m_front_static_run01,44,1785426604829577984,2
20260730_indoor_ball_3m_front_static_run01,45,1785426604930232064,12
20260730_indoor_ball_3m_front_static_run01,46,1785426605030807808,12
20260730_indoor_ball_3m_front_static_run01,47,1785426605131855616,2
20260730_indoor_ball_3m_front_static_run01,48,1785426605231053824,12
20260730_indoor_ball_3m_front_static_run01,49,1785426605331606528,13
20260730_indoor_ball_3m_front_static_run01,50,1785426605432310016,2
20260730_indoor_ball_3m_front_static_run01,51,1785426605533463808,13
20260730_indoor_ball_3m_front_static_run01,52,1785426605633635840,13
20260730_indoor_ball_3m_front_static_run01,53,1785426605734354432,2
20260730_indoor_ball_3m_front_static_run01,54,1785426605833112832,11
20260730_indoor_ball_3m_front_static_run01,55,1785426605933436416,13
20260730_indoor_ball_3m_front_static_run01,56,1785426606034316800,1
20260730_indoor_ball_3m_front_static_run01,57,1785426606135498496,12
20260730_indoor_ball_3m_front_static_run01,58,1785426606233843712,13
20260730_indoor_ball_3m_front_static_run01,59,1785426606334279424,2
20260730_indoor_ball_3m_front_static_run01,60,1785426606434147840,9
20260730_indoor_ball_3m_front_static_run01,61,1785426606533902848,13
20260730_indoor_ball_3m_front_static_run01,62,1785426606637623552,2
20260730_indoor_ball_3m_front_static_run01,63,1785426606735344896,11
20260730_indoor_ball_3m_front_static_run01,64,1785426606837335552,13
20260730_indoor_ball_3m_front_static_run01,65,1785426606936643072,2
20260730_indoor_ball_3m_front_static_run01,66,1785426607034901504,9
20260730_indoor_ball_3m_front_static_run01,67,1785426607135964672,14
20260730_indoor_ball_3m_front_static_run01,68,1785426607235690240,2
20260730_indoor_ball_3m_front_static_run01,69,1785426607336110848,12
20260730_indoor_ball_3m_front_static_run01,70,1785426607438007808,12
20260730_indoor_ball_3m_front_static_run01,71,1785426607538226432,2
20260730_indoor_ball_3m_front_static_run01,72,1785426607635976448,6
20260730_indoor_ball_3m_front_static_run01,73,1785426607737127424,10
20260730_indoor_ball_3m_front_static_run01,74,1785426607838150912,8
20260730_indoor_ball_3m_front_static_run01,75,1785426607938772224,5
20260730_indoor_ball_3m_front_static_run01,76,1785426608037894656,11
20260730_indoor_ball_3m_front_static_run01,77,1785426608139197696,6
20260730_indoor_ball_3m_front_static_run01,78,1785426608238634752,8
20260730_indoor_ball_3m_front_static_run01,79,1785426608338673408,10
20260730_indoor_ball_3m_front_static_run01,80,1785426608438182400,7
20260730_indoor_ball_3m_front_static_run01,81,1785426608541732608,9
20260730_indoor_ball_3m_front_static_run01,82,1785426608641548288,11
20260730_indoor_ball_3m_front_static_run01,83,1785426608739545344,7
20260730_indoor_ball_3m_front_static_run01,84,1785426608839586560,9
20260730_indoor_ball_3m_front_static_run01,85,1785426608940555264,10
20260730_indoor_ball_3m_front_static_run01,86,1785426609040027648,8
20260730_indoor_ball_3m_front_static_run01,87,1785426609139775744,7
20260730_indoor_ball_3m_front_static_run01,88,1785426609240351232,10
20260730_indoor_ball_3m_front_static_run01,89,1785426609341379840,7
20260730_indoor_ball_3m_front_static_run01,90,1785426609440532736,8
20260730_indoor_ball_3m_front_static_run01,91,1785426609541838592,11
20260730_indoor_ball_3m_front_static_run01,92,1785426609641582336,6
20260730_indoor_ball_3m_front_static_run01,93,1785426609740653312,8
20260730_indoor_ball_3m_front_static_run01,94,1785426609839978496,11
20260730_indoor_ball_3m_front_static_run01,95,1785426609940955648,9
20260730_indoor_ball_3m_front_static_run01,96,1785426610040853760,8
20260730_indoor_ball_3m_front_static_run01,97,1785426610141043200,10
20260730_indoor_ball_3m_front_static_run01,98,1785426610241415424,9
20260730_indoor_ball_3m_front_static_run01,99,1785426610342381568,7
20260730_indoor_ball_3m_front_static_run01,100,1785426610441849088,9
20260730_indoor_ball_3m_front_static_run01,101,1785426610543682816,10
20260730_indoor_ball_3m_front_static_run01,102,1785426610643954944,7
20260730_indoor_ball_3m_front_static_run01,103,1785426610743392512,9
20260730_indoor_ball_3m_front_static_run01,104,1785426610844194816,11
20260730_indoor_ball_3m_front_static_run01,105,1785426610943700736,8
20260730_indoor_ball_3m_front_static_run01,106,1785426611043980032,8
20260730_indoor_ball_3m_front_static_run01,107,1785426611143896576,10
20260730_indoor_ball_3m_front_static_run01,108,1785426611243335936,8
20260730_indoor_ball_3m_front_static_run01,109,1785426611343992064,8
20260730_indoor_ball_3m_front_static_run01,110,1785426611448956672,10
20260730_indoor_ball_3m_front_static_run01,111,1785426611545842688,8
20260730_indoor_ball_3m_front_static_run01,112,1785426611644696576,7
20260730_indoor_ball_3m_front_static_run01,113,1785426611746069248,11
20260730_indoor_ball_3m_front_static_run01,114,1785426611845644544,7
20260730_indoor_ball_3m_front_static_run01,115,1785426611944720384,8
20260730_indoor_ball_3m_front_static_run01,116,1785426612046012928,11
20260730_indoor_ball_3m_front_static_run01,117,1785426612144623616,7
20260730_indoor_ball_3m_front_static_run01,118,1785426612245685248,8
20260730_indoor_ball_3m_front_static_run01,119,1785426612345088000,12
20260730_indoor_ball_3m_front_static_run01,120,1785426612446986240,6
20260730_indoor_ball_3m_front_static_run01,121,1785426612545782528,2
20260730_indoor_ball_3m_front_static_run01,122,1785426612646327808,20
20260730_indoor_ball_3m_front_static_run01,123,1785426612746525696,7
20260730_indoor_ball_3m_front_static_run01,124,1785426612848198144,2
20260730_indoor_ball_3m_front_static_run01,125,1785426612947942400,12
20260730_indoor_ball_3m_front_static_run01,126,1785426613048928768,12
20260730_indoor_ball_3m_front_static_run01,127,1785426613147372032,2
20260730_indoor_ball_3m_front_static_run01,128,1785426613247011072,13
20260730_indoor_ball_3m_front_static_run01,129,1785426613347835648,13
20260730_indoor_ball_3m_front_static_run01,130,1785426613447877632,1
20260730_indoor_ball_3m_front_static_run01,131,1785426613547613952,12
20260730_indoor_ball_3m_front_static_run01,132,1785426613647812864,13
20260730_indoor_ball_3m_front_static_run01,133,1785426613749598464,2
20260730_indoor_ball_3m_front_static_run01,134,1785426613851261952,10
20260730_indoor_ball_3m_front_static_run01,135,1785426613949833472,13
20260730_indoor_ball_3m_front_static_run01,136,1785426614050466816,3
20260730_indoor_ball_3m_front_static_run01,137,1785426614150901248,9
20260730_indoor_ball_3m_front_static_run01,138,1785426614250694656,14
20260730_indoor_ball_3m_front_static_run01,139,1785426614349527552,3
20260730_indoor_ball_3m_front_static_run01,140,1785426614450699008,11
20260730_indoor_ball_3m_front_static_run01,141,1785426614550742016,13
20260730_indoor_ball_3m_front_static_run01,142,1785426614653187328,2
20260730_indoor_ball_3m_front_static_run01,143,1785426614751513856,10
20260730_indoor_ball_3m_front_static_run01,144,1785426614851956736,15
20260730_indoor_ball_5m_front_static_run01,0,1785426874352631808,3
20260730_indoor_ball_5m_front_static_run01,1,1785426874454868736,4
20260730_indoor_ball_5m_front_static_run01,2,1785426874552185600,5
20260730_indoor_ball_5m_front_static_run01,3,1785426874651343104,3
20260730_indoor_ball_5m_front_static_run01,4,1785426874753288704,3
20260730_indoor_ball_5m_front_static_run01,5,1785426874854747648,7
20260730_indoor_ball_5m_front_static_run01,6,1785426874952248576,2
20260730_indoor_ball_5m_front_static_run01,7,1785426875052256512,4
20260730_indoor_ball_5m_front_static_run01,8,1785426875152310272,5
20260730_indoor_ball_5m_front_static_run01,9,1785426875252461824,2
20260730_indoor_ball_5m_front_static_run01,10,1785426875353600000,5
20260730_indoor_ball_5m_front_static_run01,11,1785426875452530432,6
20260730_indoor_ball_5m_front_static_run01,12,1785426875553079808,2
20260730_indoor_ball_5m_front_static_run01,13,1785426875654310144,5
20260730_indoor_ball_5m_front_static_run01,14,1785426875754475264,6
20260730_indoor_ball_5m_front_static_run01,15,1785426875853609472,2
20260730_indoor_ball_5m_front_static_run01,16,1785426875957158912,5
20260730_indoor_ball_5m_front_static_run01,17,1785426876054407936,5
20260730_indoor_ball_5m_front_static_run01,18,1785426876154522368,3
20260730_indoor_ball_5m_front_static_run01,19,1785426876256026368,5
20260730_indoor_ball_5m_front_static_run01,20,1785426876354238464,5
20260730_indoor_ball_5m_front_static_run01,21,1785426876454444544,3
20260730_indoor_ball_5m_front_static_run01,22,1785426876555097344,5
20260730_indoor_ball_5m_front_static_run01,23,1785426876653851392,5
20260730_indoor_ball_5m_front_static_run01,24,1785426876753654016,4
20260730_indoor_ball_5m_front_static_run01,25,1785426876853862144,3
20260730_indoor_ball_5m_front_static_run01,26,1785426876954780672,6
20260730_indoor_ball_5m_front_static_run01,27,1785426877057438208,4
20260730_indoor_ball_5m_front_static_run01,28,1785426877154320384,4
20260730_indoor_ball_5m_front_static_run01,29,1785426877254337536,6
20260730_indoor_ball_5m_front_static_run01,30,1785426877355567872,4
20260730_indoor_ball_5m_front_static_run01,31,1785426877456068352,4
20260730_indoor_ball_5m_front_static_run01,32,1785426877555827456,5
20260730_indoor_ball_5m_front_static_run01,33,1785426877656628992,4
20260730_indoor_ball_5m_front_static_run01,34,1785426877756665088,3
20260730_indoor_ball_5m_front_static_run01,35,1785426877856935424,5
20260730_indoor_ball_5m_front_static_run01,36,1785426877959034880,4
20260730_indoor_ball_5m_front_static_run01,37,1785426878059902464,2
20260730_indoor_ball_5m_front_static_run01,38,1785426878159753728,7
20260730_indoor_ball_5m_front_static_run01,39,1785426878259374592,3
20260730_indoor_ball_5m_front_static_run01,40,1785426878358325760,2
20260730_indoor_ball_5m_front_static_run01,41,1785426878460809984,4
20260730_indoor_ball_5m_front_static_run01,42,1785426878558048512,5
20260730_indoor_ball_5m_front_static_run01,43,1785426878658106880,4
20260730_indoor_ball_5m_front_static_run01,44,1785426878758640640,2
20260730_indoor_ball_5m_front_static_run01,45,1785426878859236608,6
20260730_indoor_ball_5m_front_static_run01,46,1785426878961647872,4
20260730_indoor_ball_5m_front_static_run01,47,1785426879061661952,2
20260730_indoor_ball_5m_front_static_run01,48,1785426879159989504,5
20260730_indoor_ball_5m_front_static_run01,49,1785426879260440832,4
20260730_indoor_ball_5m_front_static_run01,50,1785426879361423616,2
20260730_indoor_ball_5m_front_static_run01,51,1785426879459917056,6
20260730_indoor_ball_5m_front_static_run01,52,1785426879561303808,5
20260730_indoor_ball_5m_front_static_run01,53,1785426879662131456,1
20260730_indoor_ball_5m_front_static_run01,54,1785426879760931840,5
20260730_indoor_ball_5m_front_static_run01,55,1785426879863577856,4
20260730_indoor_ball_5m_front_static_run01,56,1785426879963623680,0
20260730_indoor_ball_5m_front_static_run01,57,1785426880062668544,7
20260730_indoor_ball_5m_front_static_run01,58,1785426880163522048,5
20260730_indoor_ball_5m_front_static_run01,59,1785426880262078720,1
20260730_indoor_ball_5m_front_static_run01,60,1785426880362740480,6
20260730_indoor_ball_5m_front_static_run01,61,1785426880462553600,5
20260730_indoor_ball_5m_front_static_run01,62,1785426880561683200,0
20260730_indoor_ball_5m_front_static_run01,63,1785426880661693440,5
20260730_indoor_ball_5m_front_static_run01,64,1785426880762502400,5
20260730_indoor_ball_5m_front_static_run01,65,1785426880861900544,1
20260730_indoor_ball_5m_front_static_run01,66,1785426880962416128,7
20260730_indoor_ball_5m_front_static_run01,67,1785426881062858752,6
20260730_indoor_ball_5m_front_static_run01,68,1785426881162800384,0
20260730_indoor_ball_5m_front_static_run01,69,1785426881262662912,7
20260730_indoor_ball_5m_front_static_run01,70,1785426881362317056,5
20260730_indoor_ball_5m_front_static_run01,71,1785426881463157504,0
20260730_indoor_ball_5m_front_static_run01,72,1785426881563810560,6
20260730_indoor_ball_5m_front_static_run01,73,1785426881663277312,5
20260730_indoor_ball_5m_front_static_run01,74,1785426881764333568,0
20260730_indoor_ball_5m_front_static_run01,75,1785426881863202048,3
20260730_indoor_ball_5m_front_static_run01,76,1785426881962906880,6
20260730_indoor_ball_5m_front_static_run01,77,1785426882065152000,2
20260730_indoor_ball_5m_front_static_run01,78,1785426882163424000,4
20260730_indoor_ball_5m_front_static_run01,79,1785426882264815872,5
20260730_indoor_ball_5m_front_static_run01,80,1785426882364528640,2
20260730_indoor_ball_5m_front_static_run01,81,1785426882466761984,3
20260730_indoor_ball_5m_front_static_run01,82,1785426882564970240,6
20260730_indoor_ball_5m_front_static_run01,83,1785426882665395712,2
20260730_indoor_ball_5m_front_static_run01,84,1785426882766289408,4
20260730_indoor_ball_5m_front_static_run01,85,1785426882866693632,5
20260730_indoor_ball_5m_front_static_run01,86,1785426882968127232,2
20260730_indoor_ball_5m_front_static_run01,87,1785426883066483456,4
20260730_indoor_ball_5m_front_static_run01,88,1785426883166731008,6
20260730_indoor_ball_5m_front_static_run01,89,1785426883267174144,4
20260730_indoor_ball_5m_front_static_run01,90,1785426883367194112,5
20260730_indoor_ball_5m_front_static_run01,91,1785426883466690048,6
20260730_indoor_ball_5m_front_static_run01,92,1785426883566323200,3
20260730_indoor_ball_5m_front_static_run01,93,1785426883669299200,5
20260730_indoor_ball_5m_front_static_run01,94,1785426883767568128,5
20260730_indoor_ball_5m_front_static_run01,95,1785426883868735488,3
20260730_indoor_ball_5m_front_static_run01,96,1785426883969980160,3
20260730_indoor_ball_5m_front_static_run01,97,1785426884068686592,6
20260730_indoor_ball_5m_front_static_run01,98,1785426884170690560,3
20260730_indoor_ball_5m_front_static_run01,99,1785426884268731904,5
20260730_indoor_ball_5m_front_static_run01,100,1785426884369010944,5
20260730_indoor_ball_5m_front_static_run01,101,1785426884469467904,3
20260730_indoor_ball_5m_front_static_run01,102,1785426884569071872,5
20260730_indoor_ball_5m_front_static_run01,103,1785426884670266624,6
20260730_indoor_ball_5m_front_static_run01,104,1785426884770652416,4
20260730_indoor_ball_5m_front_static_run01,105,1785426884869298688,5
20260730_indoor_ball_5m_front_static_run01,106,1785426884970524672,5
20260730_indoor_ball_5m_front_static_run01,107,1785426885070927872,4
20260730_indoor_ball_5m_front_static_run01,108,1785426885171330560,5
20260730_indoor_ball_5m_front_static_run01,109,1785426885270269696,5
20260730_indoor_ball_5m_front_static_run01,110,1785426885371745792,3
20260730_indoor_ball_5m_front_static_run01,111,1785426885471110144,5
20260730_indoor_ball_5m_front_static_run01,112,1785426885573808896,4
20260730_indoor_ball_5m_front_static_run01,113,1785426885674065408,3
20260730_indoor_ball_5m_front_static_run01,114,1785426885771879680,4
20260730_indoor_ball_5m_front_static_run01,115,1785426885872347904,4
20260730_indoor_ball_5m_front_static_run01,116,1785426885973309440,4
20260730_indoor_ball_5m_front_static_run01,117,1785426886072467968,3
20260730_indoor_ball_5m_front_static_run01,118,1785426886172037888,4
20260730_indoor_ball_5m_front_static_run01,119,1785426886273581568,4
20260730_indoor_ball_5m_front_static_run01,120,1785426886372333056,4
20260730_indoor_ball_5m_front_static_run01,121,1785426886472919040,6
20260730_indoor_ball_5m_front_static_run01,122,1785426886572656128,3
20260730_indoor_ball_5m_front_static_run01,123,1785426886672818944,4
20260730_indoor_ball_5m_front_static_run01,124,1785426886775208960,5
20260730_indoor_ball_5m_front_static_run01,125,1785426886873177856,4
20260730_indoor_ball_5m_front_static_run01,126,1785426886973352448,4
20260730_indoor_ball_5m_front_static_run01,127,1785426887073603584,5
20260730_indoor_ball_5m_front_static_run01,128,1785426887174040320,2
20260730_indoor_ball_5m_front_static_run01,129,1785426887275919360,4
20260730_indoor_ball_5m_front_static_run01,130,1785426887375665920,4
20260730_indoor_ball_5m_front_static_run01,131,1785426887475226112,4
20260730_indoor_ball_5m_front_static_run01,132,1785426887576204288,4
20260730_indoor_ball_5m_front_static_run01,133,1785426887677549312,3
20260730_indoor_ball_5m_front_static_run01,134,1785426887776273408,4
20260730_indoor_ball_5m_front_static_run01,135,1785426887875767552,2
20260730_indoor_ball_5m_front_static_run01,136,1785426887976120320,1
20260730_indoor_ball_5m_front_static_run01,137,1785426888076556288,6
20260730_indoor_ball_5m_front_static_run01,138,1785426888177385984,5
20260730_indoor_ball_5m_front_static_run01,139,1785426888277560576,1
20260730_indoor_ball_5m_front_static_run01,140,1785426888376759296,7
20260730_indoor_ball_5m_front_static_run01,141,1785426888475851776,6
20260730_indoor_ball_5m_front_static_run01,142,1785426888576188160,2
20260730_indoor_ball_5m_front_static_run01,143,1785426888678116608,7
20260730_indoor_no_ball_5m_paired_static_run01,0,1785427027047593472,0
20260730_indoor_no_ball_5m_paired_static_run01,1,1785427027148565504,0
20260730_indoor_no_ball_5m_paired_static_run01,2,1785427027248090112,0
20260730_indoor_no_ball_5m_paired_static_run01,3,1785427027347680256,0
20260730_indoor_no_ball_5m_paired_static_run01,4,1785427027451347456,0
20260730_indoor_no_ball_5m_paired_static_run01,5,1785427027551198464,0
20260730_indoor_no_ball_5m_paired_static_run01,6,1785427027650088704,0
20260730_indoor_no_ball_5m_paired_static_run01,7,1785427027749672704,0
20260730_indoor_no_ball_5m_paired_static_run01,8,1785427027851801856,0
20260730_indoor_no_ball_5m_paired_static_run01,9,1785427027950748928,0
20260730_indoor_no_ball_5m_paired_static_run01,10,1785427028049785600,0
20260730_indoor_no_ball_5m_paired_static_run01,11,1785427028150335488,0
20260730_indoor_no_ball_5m_paired_static_run01,12,1785427028249376768,0
20260730_indoor_no_ball_5m_paired_static_run01,13,1785427028349247488,0
20260730_indoor_no_ball_5m_paired_static_run01,14,1785427028449602560,0
20260730_indoor_no_ball_5m_paired_static_run01,15,1785427028550078208,0
20260730_indoor_no_ball_5m_paired_static_run01,16,1785427028650017792,0
20260730_indoor_no_ball_5m_paired_static_run01,17,1785427028751873024,0
20260730_indoor_no_ball_5m_paired_static_run01,18,1785427028851432192,0
20260730_indoor_no_ball_5m_paired_static_run01,19,1785427028951160832,0
20260730_indoor_no_ball_5m_paired_static_run01,20,1785427029051092480,1
20260730_indoor_no_ball_5m_paired_static_run01,21,1785427029154362624,0
20260730_indoor_no_ball_5m_paired_static_run01,22,1785427029252660480,0
20260730_indoor_no_ball_5m_paired_static_run01,23,1785427029352222720,2
20260730_indoor_no_ball_5m_paired_static_run01,24,1785427029452951552,0
20260730_indoor_no_ball_5m_paired_static_run01,25,1785427029551923456,0
20260730_indoor_no_ball_5m_paired_static_run01,26,1785427029653057536,0
20260730_indoor_no_ball_5m_paired_static_run01,27,1785427029751947264,0
20260730_indoor_no_ball_5m_paired_static_run01,28,1785427029852798208,0
20260730_indoor_no_ball_5m_paired_static_run01,29,1785427029953949184,1
20260730_indoor_no_ball_5m_paired_static_run01,30,1785427030054397696,0
20260730_indoor_no_ball_5m_paired_static_run01,31,1785427030152729088,0
20260730_indoor_no_ball_5m_paired_static_run01,32,1785427030254676480,0
20260730_indoor_no_ball_5m_paired_static_run01,33,1785427030353029632,0
20260730_indoor_no_ball_5m_paired_static_run01,34,1785427030452859648,0
20260730_indoor_no_ball_5m_paired_static_run01,35,1785427030556162048,0
20260730_indoor_no_ball_5m_paired_static_run01,36,1785427030656927488,0
20260730_indoor_no_ball_5m_paired_static_run01,37,1785427030756929536,0
20260730_indoor_no_ball_5m_paired_static_run01,38,1785427030853592832,0
20260730_indoor_no_ball_5m_paired_static_run01,39,1785427030954831872,0
20260730_indoor_no_ball_5m_paired_static_run01,40,1785427031053899264,0
20260730_indoor_no_ball_5m_paired_static_run01,41,1785427031156624896,0
20260730_indoor_no_ball_5m_paired_static_run01,42,1785427031255730688,0
20260730_indoor_no_ball_5m_paired_static_run01,43,1785427031355214336,0
20260730_indoor_no_ball_5m_paired_static_run01,44,1785427031456957184,1
20260730_indoor_no_ball_5m_paired_static_run01,45,1785427031554946560,0
20260730_indoor_no_ball_5m_paired_static_run01,46,1785427031657096704,0
20260730_indoor_no_ball_5m_paired_static_run01,47,1785427031755672832,0
20260730_indoor_no_ball_5m_paired_static_run01,48,1785427031856846336,0
20260730_indoor_no_ball_5m_paired_static_run01,49,1785427031957133824,0
20260730_indoor_no_ball_5m_paired_static_run01,50,1785427032059459840,0
20260730_indoor_no_ball_5m_paired_static_run01,51,1785427032157017600,0
20260730_indoor_no_ball_5m_paired_static_run01,52,1785427032258918656,0
20260730_indoor_no_ball_5m_paired_static_run01,53,1785427032357403648,0
20260730_indoor_no_ball_5m_paired_static_run01,54,1785427032457063168,0
20260730_indoor_no_ball_5m_paired_static_run01,55,1785427032560354816,0
20260730_indoor_no_ball_5m_paired_static_run01,56,1785427032657513984,0
20260730_indoor_no_ball_5m_paired_static_run01,57,1785427032758718976,0
20260730_indoor_no_ball_5m_paired_static_run01,58,1785427032860783104,0
20260730_indoor_no_ball_5m_paired_static_run01,59,1785427032957409024,0
20260730_indoor_no_ball_5m_paired_static_run01,60,1785427033058143488,0
20260730_indoor_no_ball_5m_paired_static_run01,61,1785427033159509760,0
20260730_indoor_no_ball_5m_paired_static_run01,62,1785427033260872704,0
20260730_indoor_no_ball_5m_paired_static_run01,63,1785427033360943104,0
20260730_indoor_no_ball_5m_paired_static_run01,64,1785427033459213056,0
20260730_indoor_no_ball_5m_paired_static_run01,65,1785427033562224128,0
20260730_indoor_no_ball_5m_paired_static_run01,66,1785427033659953152,0
20260730_indoor_no_ball_5m_paired_static_run01,67,1785427033759941120,0
20260730_indoor_no_ball_5m_paired_static_run01,68,1785427033860014336,0
20260730_indoor_no_ball_5m_paired_static_run01,69,1785427033963549184,1
20260730_indoor_no_ball_5m_paired_static_run01,70,1785427034060941824,0
20260730_indoor_no_ball_5m_paired_static_run01,71,1785427034162065664,0
20260730_indoor_no_ball_5m_paired_static_run01,72,1785427034260033024,0
20260730_indoor_no_ball_5m_paired_static_run01,73,1785427034362071296,0
20260730_indoor_no_ball_5m_paired_static_run01,74,1785427034461894656,0
20260730_indoor_no_ball_5m_paired_static_run01,75,1785427034561048320,0
20260730_indoor_no_ball_5m_paired_static_run01,76,1785427034663379200,0
20260730_indoor_no_ball_5m_paired_static_run01,77,1785427034761994240,0
20260730_indoor_no_ball_5m_paired_static_run01,78,1785427034862163456,2
20260730_indoor_no_ball_5m_paired_static_run01,79,1785427034962146560,0
20260730_indoor_no_ball_5m_paired_static_run01,80,1785427035065605632,0
20260730_indoor_no_ball_5m_paired_static_run01,81,1785427035164135424,1
20260730_indoor_no_ball_5m_paired_static_run01,82,1785427035263896832,0
20260730_indoor_no_ball_5m_paired_static_run01,83,1785427035365531392,0
20260730_indoor_no_ball_5m_paired_static_run01,84,1785427035463872512,0
20260730_indoor_no_ball_5m_paired_static_run01,85,1785427035564556544,2
20260730_indoor_no_ball_5m_paired_static_run01,86,1785427035662842880,0
20260730_indoor_no_ball_5m_paired_static_run01,87,1785427035763416064,0
20260730_indoor_no_ball_5m_paired_static_run01,88,1785427035863842560,1
20260730_indoor_no_ball_5m_paired_static_run01,89,1785427035963646464,0
20260730_indoor_no_ball_5m_paired_static_run01,90,1785427036066336256,0
20260730_indoor_no_ball_5m_paired_static_run01,91,1785427036165961728,0
20260730_indoor_no_ball_5m_paired_static_run01,92,1785427036267287296,0
20260730_indoor_no_ball_5m_paired_static_run01,93,1785427036364258560,0
20260730_indoor_no_ball_5m_paired_static_run01,94,1785427036464813568,0
20260730_indoor_no_ball_5m_paired_static_run01,95,1785427036565147904,0
20260730_indoor_no_ball_5m_paired_static_run01,96,1785427036665600256,0
20260730_indoor_no_ball_5m_paired_static_run01,97,1785427036767722752,1
20260730_indoor_no_ball_5m_paired_static_run01,98,1785427036866674944,0
20260730_indoor_no_ball_5m_paired_static_run01,99,1785427036965371904,0
20260730_indoor_no_ball_5m_paired_static_run01,100,1785427037067522816,0
20260730_indoor_no_ball_5m_paired_static_run01,101,1785427037168160000,0
20260730_indoor_no_ball_5m_paired_static_run01,102,1785427037268244480,0
20260730_indoor_no_ball_5m_paired_static_run01,103,1785427037368098560,0
20260730_indoor_no_ball_5m_paired_static_run01,104,1785427037469272576,0
20260730_indoor_no_ball_5m_paired_static_run01,105,1785427037567580416,0
20260730_indoor_no_ball_5m_paired_static_run01,106,1785427037667308032,0
20260730_indoor_no_ball_5m_paired_static_run01,107,1785427037767951872,0
20260730_indoor_no_ball_5m_paired_static_run01,108,1785427037869235712,0
20260730_indoor_no_ball_5m_paired_static_run01,109,1785427037968506880,0
20260730_indoor_no_ball_5m_paired_static_run01,110,1785427038069677312,0
20260730_indoor_no_ball_5m_paired_static_run01,111,1785427038170289152,0
20260730_indoor_no_ball_5m_paired_static_run01,112,1785427038269902592,0
20260730_indoor_no_ball_5m_paired_static_run01,113,1785427038369457152,0
20260730_indoor_no_ball_5m_paired_static_run01,114,1785427038469381120,0
20260730_indoor_no_ball_5m_paired_static_run01,115,1785427038572537344,0
20260730_indoor_no_ball_5m_paired_static_run01,116,1785427038671700736,0
20260730_indoor_no_ball_5m_paired_static_run01,117,1785427038769316352,0
20260730_indoor_no_ball_5m_paired_static_run01,118,1785427038869879296,2
20260730_indoor_no_ball_5m_paired_static_run01,119,1785427038973085952,0
20260730_indoor_no_ball_5m_paired_static_run01,120,1785427039072872704,0
20260730_indoor_no_ball_5m_paired_static_run01,121,1785427039171390976,1
20260730_indoor_no_ball_5m_paired_static_run01,122,1785427039272643584,0
20260730_indoor_no_ball_5m_paired_static_run01,123,1785427039371707392,0
20260730_indoor_no_ball_5m_paired_static_run01,124,1785427039471880960,1
20260730_indoor_no_ball_5m_paired_static_run01,125,1785427039571874048,0
20260730_indoor_no_ball_5m_paired_static_run01,126,1785427039674391552,0
20260730_indoor_no_ball_5m_paired_static_run01,127,1785427039772973568,1
20260730_indoor_no_ball_5m_paired_static_run01,128,1785427039873253632,0
20260730_indoor_no_ball_5m_paired_static_run01,129,1785427039973944064,0
20260730_indoor_no_ball_5m_paired_static_run01,130,1785427040074649344,0
20260730_indoor_no_ball_5m_paired_static_run01,131,1785427040174482176,0
20260730_indoor_no_ball_5m_paired_static_run01,132,1785427040274371584,0
20260730_indoor_no_ball_5m_paired_static_run01,133,1785427040373119232,0
20260730_indoor_no_ball_5m_paired_static_run01,134,1785427040473617664,0
20260730_indoor_no_ball_5m_paired_static_run01,135,1785427040575717632,0
20260730_indoor_no_ball_5m_paired_static_run01,136,1785427040675064576,0
20260730_indoor_no_ball_5m_paired_static_run01,137,1785427040774964224,0
20260730_indoor_no_ball_5m_paired_static_run01,138,1785427040874881024,0
20260730_indoor_no_ball_5m_paired_static_run01,139,1785427040977950208,0
20260730_indoor_no_ball_5m_paired_static_run01,140,1785427041077329408,0
20260730_indoor_no_ball_5m_paired_static_run01,141,1785427041176217344,0
20260730_indoor_no_ball_5m_paired_static_run01,142,1785427041277470208,0
20260730_indoor_no_ball_5m_paired_static_run01,143,1785427041377731072,0
