session_id,frame_index,timestamp_ns,candidate_count,candidate_matched,tracked_output,tracked_matched,tracked_predicted,tracked_xy_error_m,detector_latency_ms
20260730_indoor_ball_1p5m_front_static_run01,0,1785425776806629120,1,True,False,False,False,,6.332750024739653
20260730_indoor_ball_1p5m_front_static_run01,1,1785425776910345472,1,True,True,True,False,0.0552053062980068,2.607374975923449
20260730_indoor_ball_1p5m_front_static_run01,2,1785425777009736448,1,True,True,True,False,0.05624598110098444,3.037333022803068
20260730_indoor_ball_1p5m_front_static_run01,3,1785425777110252288,1,True,True,True,False,0.04557770106498083,2.601417014375329
20260730_indoor_ball_1p5m_front_static_run01,4,1785425777211088128,1,True,True,True,False,0.028961200265651906,2.6171249919570982
20260730_indoor_ball_1p5m_front_static_run01,5,1785425777313097472,2,True,True,True,False,0.03552555723027814,3.131749981548637
20260730_indoor_ball_1p5m_front_static_run01,6,1785425777412631808,1,True,True,True,False,0.0433065776229789,2.5767500046640635
20260730_indoor_ball_1p5m_front_static_run01,7,1785425777510712576,1,True,True,True,False,0.029272322718242066,2.6236249832436442
20260730_indoor_ball_1p5m_front_static_run01,8,1785425777611218176,1,True,True,True,False,0.04073745724809405,2.963292005006224
20260730_indoor_ball_1p5m_front_static_run01,9,1785425777711800576,3,True,True,True,False,0.040671671764910926,3.0041669961065054
20260730_indoor_ball_1p5m_front_static_run01,10,1785425777813120768,1,True,True,True,False,0.03489335127779411,2.5884999777190387
20260730_indoor_ball_1p5m_front_static_run01,11,1785425777911317504,1,True,True,True,False,0.046745218010963555,2.856000035535544
20260730_indoor_ball_1p5m_front_static_run01,12,1785425778012404224,1,True,True,True,False,0.0442618401283761,2.7411250048317015
20260730_indoor_ball_1p5m_front_static_run01,13,1785425778113117952,1,True,True,True,False,0.027959312953091408,2.6230409857816994
20260730_indoor_ball_1p5m_front_static_run01,14,1785425778212399360,1,True,True,True,False,0.034995149080336636,3.3022499992512167
20260730_indoor_ball_1p5m_front_static_run01,15,1785425778312961280,1,True,True,True,False,0.04222739439874358,2.679667028132826
20260730_indoor_ball_1p5m_front_static_run01,16,1785425778413266176,2,True,True,True,False,0.033275580954377076,2.6480419910512865
20260730_indoor_ball_1p5m_front_static_run01,17,1785425778511997952,1,True,True,True,False,0.04291528441311617,2.96829198487103
20260730_indoor_ball_1p5m_front_static_run01,18,1785425778615482624,1,True,True,True,False,0.04350313840747569,2.8249999741092324
20260730_indoor_ball_1p5m_front_static_run01,19,1785425778719811840,2,True,True,True,False,0.042742403727845164,2.660792029928416
20260730_indoor_ball_1p5m_front_static_run01,20,1785425778814769664,1,True,True,True,False,0.0454332889648038,3.1774170347489417
20260730_indoor_ball_1p5m_front_static_run01,21,1785425778913889536,1,True,True,True,False,0.048560249860659155,2.723375044297427
20260730_indoor_ball_1p5m_front_static_run01,22,1785425779016083200,1,True,True,True,False,0.040001515527188995,2.5303749716840684
20260730_indoor_ball_1p5m_front_static_run01,23,1785425779114213120,1,True,True,True,False,0.042442892963671236,2.9354169964790344
20260730_indoor_ball_1p5m_front_static_run01,24,1785425779214103552,1,True,True,True,False,0.0510084461871041,2.713916008360684
20260730_indoor_ball_1p5m_front_static_run01,25,1785425779315131136,1,True,True,True,False,0.04257810748049693,2.5749580236151814
20260730_indoor_ball_1p5m_front_static_run01,26,1785425779416486400,2,True,True,True,False,0.04265196623609678,2.9047089628875256
20260730_indoor_ball_1p5m_front_static_run01,27,1785425779516740608,1,True,True,True,False,0.038394461421748086,2.6133329956792295
20260730_indoor_ball_1p5m_front_static_run01,28,1785425779615035904,1,True,True,True,False,0.0412482796126129,2.6800829800777137
20260730_indoor_ball_1p5m_front_static_run01,29,1785425779715944704,1,True,True,True,False,0.04031918977014281,2.7972079697065055
20260730_indoor_ball_1p5m_front_static_run01,30,1785425779815323904,1,True,True,True,False,0.04411230536543547,2.7597079752013087
20260730_indoor_ball_1p5m_front_static_run01,31,1785425779914983936,2,True,True,True,False,0.04369024701266991,3.3815420465543866
20260730_indoor_ball_1p5m_front_static_run01,32,1785425780015498240,1,True,True,True,False,0.044838706173245584,2.810125006362796
20260730_indoor_ball_1p5m_front_static_run01,33,1785425780117932032,1,True,True,True,False,0.03778952340454972,2.6837079785764217
20260730_indoor_ball_1p5m_front_static_run01,34,1785425780215959808,1,True,True,True,False,0.04151227202429631,2.5549999554641545
20260730_indoor_ball_1p5m_front_static_run01,35,1785425780316221952,1,True,True,True,False,0.03842123997522213,2.715833019465208
20260730_indoor_ball_1p5m_front_static_run01,36,1785425780416773120,1,True,True,True,False,0.03668975601528619,2.7394579956308007
20260730_indoor_ball_1p5m_front_static_run01,37,1785425780516392448,1,True,True,True,False,0.04208367740572091,2.5638749939389527
20260730_indoor_ball_1p5m_front_static_run01,38,1785425780616741376,1,True,True,True,False,0.03666981700694376,2.6558749959804118
20260730_indoor_ball_1p5m_front_static_run01,39,1785425780718795520,1,True,True,True,False,0.025175968618032226,2.8473330312408507
20260730_indoor_ball_1p5m_front_static_run01,40,1785425780817507584,1,True,True,True,False,0.03791194015066066,2.670292044058442
20260730_indoor_ball_1p5m_front_static_run01,41,1785425780916646656,1,True,True,True,False,0.028437397653375027,2.675624971743673
20260730_indoor_ball_1p5m_front_static_run01,42,1785425781018648064,1,True,True,True,False,0.03894507778482145,2.8031659894622862
20260730_indoor_ball_1p5m_front_static_run01,43,1785425781118123520,1,True,True,True,False,0.05244327136810257,2.5378750287927687
20260730_indoor_ball_1p5m_front_static_run01,44,1785425781217448704,1,True,True,True,False,0.04096578263323542,2.407291962299496
20260730_indoor_ball_1p5m_front_static_run01,45,1785425781318364160,1,True,True,True,False,0.03304944998693844,2.730208041612059
20260730_indoor_ball_1p5m_front_static_run01,46,1785425781417733888,1,True,True,True,False,0.0438544183411098,2.9966249712742865
20260730_indoor_ball_1p5m_front_static_run01,47,1785425781517540352,1,True,True,True,False,0.03890593594681062,2.3974580108188093
20260730_indoor_ball_1p5m_front_static_run01,48,1785425781618723584,1,True,True,True,False,0.028923306121852826,2.7662499924190342
20260730_indoor_ball_1p5m_front_static_run01,49,1785425781719277824,1,True,True,True,False,0.04112551813780089,2.7300409856252372
20260730_indoor_ball_1p5m_front_static_run01,50,1785425781820191744,1,True,True,True,False,0.03690160387536768,2.5959170307032764
20260730_indoor_ball_1p5m_front_static_run01,51,1785425781922470912,1,True,True,True,False,0.04467293708914634,2.95766704948619
20260730_indoor_ball_1p5m_front_static_run01,52,1785425782021911296,1,True,True,True,False,0.04970248834012161,2.724000019952655
20260730_indoor_ball_1p5m_front_static_run01,53,1785425782119436800,1,True,True,True,False,0.036161191141132525,2.58937495527789
20260730_indoor_ball_1p5m_front_static_run01,54,1785425782220720896,1,True,True,True,False,0.050069117015979145,3.000749973580241
20260730_indoor_ball_1p5m_front_static_run01,55,1785425782319890176,2,True,True,True,False,0.04828417484787151,3.090667014475912
20260730_indoor_ball_1p5m_front_static_run01,56,1785425782421742848,1,True,True,True,False,0.04195408152933316,2.5896250153891742
20260730_indoor_ball_1p5m_front_static_run01,57,1785425782521162496,1,True,True,True,False,0.045301120999181245,2.8867499786429107
20260730_indoor_ball_1p5m_front_static_run01,58,1785425782627433984,1,True,True,True,False,0.036915995021888144,2.7659169863909483
20260730_indoor_ball_1p5m_front_static_run01,59,1785425782721275648,1,True,True,True,False,0.03345931068870209,2.701665973290801
20260730_indoor_ball_1p5m_front_static_run01,60,1785425782821602304,1,True,True,True,False,0.04369831095945771,2.8222909895703197
20260730_indoor_ball_1p5m_front_static_run01,61,1785425782921953536,2,True,True,True,False,0.03828500452694396,3.0017499811947346
20260730_indoor_ball_1p5m_front_static_run01,62,1785425783021493248,2,True,True,True,False,0.03965900618495287,2.7085000183433294
20260730_indoor_ball_1p5m_front_static_run01,63,1785425783122389760,1,True,True,True,False,0.037794721351449276,2.851207973435521
20260730_indoor_ball_1p5m_front_static_run01,64,1785425783225000960,1,True,True,True,False,0.052745519406826084,2.9816250316798687
20260730_indoor_ball_1p5m_front_static_run01,65,1785425783324910848,1,True,True,True,False,0.041430286012809285,2.5996670010499656
20260730_indoor_ball_1p5m_front_static_run01,66,1785425783425000448,1,True,True,True,False,0.04275669752156102,2.904666995164007
20260730_indoor_ball_1p5m_front_static_run01,67,1785425783523201024,1,True,True,True,False,0.053955640698314405,3.092958009801805
20260730_indoor_ball_1p5m_front_static_run01,68,1785425783625180160,1,True,True,True,False,0.050876674304092886,2.532708051148802
20260730_indoor_ball_1p5m_front_static_run01,69,1785425783725826816,1,True,True,True,False,0.04042480178393895,2.7084999601356685
20260730_indoor_ball_1p5m_front_static_run01,70,1785425783825677824,2,True,True,True,False,0.024193627353200325,2.9759579920209944
20260730_indoor_ball_1p5m_front_static_run01,71,1785425783923942912,1,True,True,True,False,0.053861878193567865,2.3072920157574117
20260730_indoor_ball_1p5m_front_static_run01,72,1785425784025682176,1,True,True,True,False,0.04555687032949782,3.2879579812288284
20260730_indoor_ball_1p5m_front_static_run01,73,1785425784125701120,2,True,True,True,False,0.05134054688953983,2.7884160517714918
20260730_indoor_ball_1p5m_front_static_run01,74,1785425784224974336,1,True,True,True,False,0.06261916086466046,2.3475830093957484
20260730_indoor_ball_1p5m_front_static_run01,75,1785425784325488896,1,True,True,True,False,0.050031380870079176,2.6200420106761158
20260730_indoor_ball_1p5m_front_static_run01,76,1785425784427398144,1,True,True,True,False,0.05163278091582873,3.2304999767802656
20260730_indoor_ball_1p5m_front_static_run01,77,1785425784525117696,1,True,True,True,False,0.04085824786513503,2.85649998113513
20260730_indoor_ball_1p5m_front_static_run01,78,1785425784626244096,1,True,True,True,False,0.04639953541920794,2.5904159992933273
20260730_indoor_ball_1p5m_front_static_run01,79,1785425784725175552,1,True,True,True,False,0.04492605884184466,3.0372909968718886
20260730_indoor_ball_1p5m_front_static_run01,80,1785425784825566976,1,True,True,True,False,0.05183061744277671,2.7848330209963024
20260730_indoor_ball_1p5m_front_static_run01,81,1785425784925991680,1,True,True,True,False,0.043650330802728746,2.6518329977989197
20260730_indoor_ball_1p5m_front_static_run01,82,1785425785025784576,3,True,True,True,False,0.05238474549045617,3.1135419849306345
20260730_indoor_ball_1p5m_front_static_run01,83,1785425785125499392,3,True,True,True,False,0.04697375340754137,3.50024999352172
20260730_indoor_ball_1p5m_front_static_run01,84,1785425785228152064,1,True,True,True,False,0.043153380799155025,2.8898330056108534
20260730_indoor_ball_1p5m_front_static_run01,85,1785425785327778560,2,True,True,True,False,0.05317393259693322,2.909999981056899
20260730_indoor_ball_1p5m_front_static_run01,86,1785425785427038208,1,True,True,True,False,0.04452395568641035,2.69258301705122
20260730_indoor_ball_1p5m_front_static_run01,87,1785425785527818752,1,True,True,True,False,0.04739199672094003,2.82829103525728
20260730_indoor_ball_1p5m_front_static_run01,88,1785425785629130496,1,True,True,True,False,0.0527104145276117,2.838207990862429
20260730_indoor_ball_1p5m_front_static_run01,89,1785425785728885248,1,True,True,True,False,0.04727240680230929,2.6142499991692603
20260730_indoor_ball_1p5m_front_static_run01,90,1785425785829873152,1,True,True,True,False,0.04923666561824776,2.6029999717138708
20260730_indoor_ball_1p5m_front_static_run01,91,1785425785929729024,1,True,True,True,False,0.04531003653688398,2.8355420217849314
20260730_indoor_ball_1p5m_front_static_run01,92,1785425786027400192,2,True,True,True,False,0.0449045244398932,2.7377920341677964
20260730_indoor_ball_1p5m_front_static_run01,93,1785425786130454016,1,True,True,True,False,0.040436421973790174,2.5468330131843686
20260730_indoor_ball_1p5m_front_static_run01,94,1785425786232346880,1,True,True,True,False,0.051636121451744225,2.977500029373914
20260730_indoor_ball_1p5m_front_static_run01,95,1785425786328432384,2,True,True,True,False,0.04526131656483732,2.607041969895363
20260730_indoor_ball_1p5m_front_static_run01,96,1785425786429880320,1,True,True,True,False,0.03576624197032616,2.538875036407262
20260730_indoor_ball_1p5m_front_static_run01,97,1785425786528690176,1,True,True,True,False,0.04552167026539831,3.0495000537484884
20260730_indoor_ball_1p5m_front_static_run01,98,1785425786628609024,1,True,True,True,False,0.04487213160391112,2.664458006620407
20260730_indoor_ball_1p5m_front_static_run01,99,1785425786733059584,1,True,True,True,False,0.055124557703021326,2.640750026330352
20260730_indoor_ball_1p5m_front_static_run01,100,1785425786830184704,1,True,True,True,False,0.056990828446320856,3.0832080519758165
20260730_indoor_ball_1p5m_front_static_run01,101,1785425786932704256,1,True,True,True,False,0.04509562369796622,2.715167007409036
20260730_indoor_ball_1p5m_front_static_run01,102,1785425787034013440,1,True,True,True,False,0.0551170154762235,2.469542028848082
20260730_indoor_ball_1p5m_front_static_run01,103,1785425787131517184,1,True,True,True,False,0.049704729701804846,2.9647499904967844
20260730_indoor_ball_1p5m_front_static_run01,104,1785425787230358016,1,True,True,True,False,0.043630251425786706,2.705124963540584
20260730_indoor_ball_1p5m_front_static_run01,105,1785425787329995264,1,True,True,True,False,0.04009913775722992,2.450375002808869
20260730_indoor_ball_1p5m_front_static_run01,106,1785425787431057408,1,True,True,True,False,0.03907394657996662,3.075457992963493
20260730_indoor_ball_1p5m_front_static_run01,107,1785425787531261440,2,True,True,True,False,0.042262874441005224,2.610208000987768
20260730_indoor_ball_1p5m_front_static_run01,108,1785425787631750400,1,True,True,True,False,0.026196989180567704,2.512750041205436
20260730_indoor_ball_1p5m_front_static_run01,109,1785425787731916288,2,True,True,True,False,0.03723224944502651,2.95166700379923
20260730_indoor_ball_1p5m_front_static_run01,110,1785425787832841984,1,True,True,True,False,0.04290805139953798,2.5475829606875777
20260730_indoor_ball_1p5m_front_static_run01,111,1785425787933252608,1,True,True,True,False,0.045036871900024554,2.462916949298233
20260730_indoor_ball_1p5m_front_static_run01,112,1785425788033258752,1,True,True,True,False,0.036082133525007824,3.109959012363106
20260730_indoor_ball_1p5m_front_static_run01,113,1785425788131502592,1,True,True,True,False,0.044560612892052064,2.9211659566499293
20260730_indoor_ball_1p5m_front_static_run01,114,1785425788232168192,1,True,True,True,False,0.041898908975285136,2.499207970686257
20260730_indoor_ball_1p5m_front_static_run01,115,1785425788332431616,1,True,True,True,False,0.043964915164121765,3.1283750431612134
20260730_indoor_ball_1p5m_front_static_run01,116,1785425788435379968,1,True,True,True,False,0.04868689555663615,2.579833031632006
20260730_indoor_ball_1p5m_front_static_run01,117,1785425788533228032,1,True,True,True,False,0.04305796075664617,2.681042009498924
20260730_indoor_ball_1p5m_front_static_run01,118,1785425788634840320,2,True,True,True,False,0.03604111123038365,2.790957980323583
20260730_indoor_ball_1p5m_front_static_run01,119,1785425788732645376,1,True,True,True,False,0.03970775472499818,2.522791037335992
20260730_indoor_ball_1p5m_front_static_run01,120,1785425788832890880,1,True,True,True,False,0.03903954815410973,2.5215829955413938
20260730_indoor_ball_1p5m_front_static_run01,121,1785425788933121024,1,True,True,True,False,0.03672743126694358,2.700042037758976
20260730_indoor_ball_1p5m_front_static_run01,122,1785425789036480512,1,True,True,True,False,0.03436245836231711,2.685166022274643
20260730_indoor_ball_1p5m_front_static_run01,123,1785425789134597376,1,True,True,True,False,0.04327352301726104,2.6152090285904706
20260730_indoor_ball_1p5m_front_static_run01,124,1785425789234706432,1,True,True,True,False,0.04467547694828046,2.540667017456144
20260730_indoor_ball_1p5m_front_static_run01,125,1785425789336593408,1,True,True,True,False,0.03291251043496582,2.6621660217642784
20260730_indoor_ball_1p5m_front_static_run01,126,1785425789437009664,1,True,True,True,False,0.03750050638825808,2.360458020120859
20260730_indoor_ball_1p5m_front_static_run01,127,1785425789538420480,1,True,True,True,False,0.039081766883802896,2.5701249833218753
20260730_indoor_ball_1p5m_front_static_run01,128,1785425789637187840,1,True,True,True,False,0.037047813468343786,2.5738750118762255
20260730_indoor_ball_1p5m_front_static_run01,129,1785425789735394304,2,True,True,True,False,0.041049008066616634,3.0835000216029584
20260730_indoor_ball_1p5m_front_static_run01,130,1785425789837680128,1,True,True,True,False,0.04922307411530253,2.481082978192717
20260730_indoor_ball_1p5m_front_static_run01,131,1785425789935803904,1,True,True,True,False,0.040056667397464996,2.6876250049099326
20260730_indoor_ball_1p5m_front_static_run01,132,1785425790037628416,1,True,True,True,False,0.04270820344446064,2.4115419946610928
20260730_indoor_ball_1p5m_front_static_run01,133,1785425790137543936,1,True,True,True,False,0.05076295331212124,2.5072090211324394
20260730_indoor_ball_1p5m_front_static_run01,134,1785425790235350528,1,True,True,True,False,0.0398007422496998,2.6227079797536135
20260730_indoor_ball_1p5m_front_static_run01,135,1785425790337990656,2,True,True,True,False,0.03424051074306528,2.6902499957941473
20260730_indoor_ball_1p5m_front_static_run01,136,1785425790437468672,1,True,True,True,False,0.04606131342674804,2.664625004399568
20260730_indoor_ball_1p5m_front_static_run01,137,1785425790536241408,1,True,True,True,False,0.04710344980738403,2.755416033323854
20260730_indoor_ball_1p5m_front_static_run01,138,1785425790639618560,1,True,True,True,False,0.039962555850936096,2.615500008687377
20260730_indoor_ball_1p5m_front_static_run01,139,1785425790739967744,1,True,True,True,False,0.03851656356892224,2.4893750087358057
20260730_indoor_ball_1p5m_front_static_run01,140,1785425790837795584,1,True,True,True,False,0.04464462723884711,2.7587080257944763
20260730_indoor_ball_1p5m_front_static_run01,141,1785425790939336704,1,True,True,True,False,0.05008754753042736,2.500375034287572
20260730_indoor_ball_1p5m_front_static_run01,142,1785425791037539328,1,True,True,True,False,0.04758706339536033,2.170583000406623
20260730_indoor_ball_1p5m_front_static_run01,143,1785425791140084224,1,True,True,True,False,0.0487583960824461,3.2440830254927278
20260730_indoor_ball_1p5m_front_static_run01,144,1785425791239101696,1,True,True,True,False,0.041655969026225155,2.4075419642031193
20260730_indoor_ball_3m_front_static_run01,0,1785426600415760640,1,True,False,False,False,,1.7245409544557333
20260730_indoor_ball_3m_front_static_run01,1,1785426600521653760,1,True,True,True,False,0.048051869159501215,1.6686670132912695
20260730_indoor_ball_3m_front_static_run01,2,1785426600621447424,1,True,True,True,False,0.032182233598465816,1.8200420308858156
20260730_indoor_ball_3m_front_static_run01,3,1785426600720935680,1,True,True,True,False,0.05102639996317373,1.6319999704137444
20260730_indoor_ball_3m_front_static_run01,4,1785426600821385984,1,True,True,True,False,0.04547732960401321,1.6782910097390413
20260730_indoor_ball_3m_front_static_run01,5,1785426600921651200,1,True,True,True,False,0.029961802789148145,1.7773329745978117
20260730_indoor_ball_3m_front_static_run01,6,1785426601024593152,1,True,True,True,False,0.017194204022988994,1.8216250464320183
20260730_indoor_ball_3m_front_static_run01,7,1785426601121675776,1,True,True,True,False,0.03572324730392931,1.6776249976828694
20260730_indoor_ball_3m_front_static_run01,8,1785426601222654976,1,True,True,True,False,0.024941923896014313,1.7982499557547271
20260730_indoor_ball_3m_front_static_run01,9,1785426601323842816,1,True,True,True,False,0.015795277176604488,1.7420409712940454
20260730_indoor_ball_3m_front_static_run01,10,1785426601423557632,1,True,True,True,False,0.033327950251453964,1.6835830174386501
20260730_indoor_ball_3m_front_static_run01,11,1785426601524838144,1,True,True,True,False,0.01992821684713499,1.785250031389296
20260730_indoor_ball_3m_front_static_run01,12,1785426601622379520,1,True,True,True,False,0.025192581225996134,1.7206250340677798
20260730_indoor_ball_3m_front_static_run01,13,1785426601725660672,1,True,True,True,False,0.050567545307865086,1.7057080403901637
20260730_indoor_ball_3m_front_static_run01,14,1785426601823104000,1,True,True,True,False,0.03770689992995579,1.797917007934302
20260730_indoor_ball_3m_front_static_run01,15,1785426601924286720,1,True,True,True,False,0.02539181131093361,1.6891250270418823
20260730_indoor_ball_3m_front_static_run01,16,1785426602023652608,1,True,True,True,False,0.0379926039843643,1.7277089646086097
20260730_indoor_ball_3m_front_static_run01,17,1785426602125020416,1,True,True,True,False,0.03250152024641097,1.74100004369393
20260730_indoor_ball_3m_front_static_run01,18,1785426602223974144,1,True,True,True,False,0.031096450222459028,1.7776250024326146
20260730_indoor_ball_3m_front_static_run01,19,1785426602326114560,1,True,True,True,False,0.04490490342818083,1.7275839927606285
20260730_indoor_ball_3m_front_static_run01,20,1785426602428160768,1,True,True,True,False,0.027506725420925218,1.7245420021936297
20260730_indoor_ball_3m_front_static_run01,21,1785426602527806208,1,True,True,True,False,0.03508929183131298,1.7788750119507313
20260730_indoor_ball_3m_front_static_run01,22,1785426602626734848,1,True,True,True,False,0.05487830132288247,1.6432919655926526
20260730_indoor_ball_3m_front_static_run01,23,1785426602728265984,1,True,True,True,False,0.049994185086924235,1.5641659847460687
20260730_indoor_ball_3m_front_static_run01,24,1785426602825498880,1,True,True,True,False,0.02849046646821414,1.860167016275227
20260730_indoor_ball_3m_front_static_run01,25,1785426602926254336,1,True,True,True,False,0.03585724442701336,1.9052920397371054
20260730_indoor_ball_3m_front_static_run01,26,1785426603025249024,1,True,True,True,False,0.037832474429231794,1.5192090068012476
20260730_indoor_ball_3m_front_static_run01,27,1785426603126130944,1,True,True,True,False,0.031154603460173107,1.9874999998137355
20260730_indoor_ball_3m_front_static_run01,28,1785426603231742208,1,True,True,True,False,0.03876008113673582,1.6787920030765235
20260730_indoor_ball_3m_front_static_run01,29,1785426603327910144,0,False,True,True,True,0.039240459538616254,1.569415966514498
20260730_indoor_ball_3m_front_static_run01,30,1785426603427214336,1,True,True,True,False,0.028377112870588136,1.8893340020440519
20260730_indoor_ball_3m_front_static_run01,31,1785426603526724864,1,True,True,True,False,0.02664676150493019,1.7094999784603715
20260730_indoor_ball_3m_front_static_run01,32,1785426603627974144,0,False,True,True,True,0.026617283604385516,1.4655000413767993
20260730_indoor_ball_3m_front_static_run01,33,1785426603727104256,1,True,True,True,False,0.03389535957592103,1.8244170350953937
20260730_indoor_ball_3m_front_static_run01,34,1785426603827135232,1,True,True,True,False,0.03354286068298508,1.7274160054512322
20260730_indoor_ball_3m_front_static_run01,35,1785426603927466496,0,False,True,True,True,0.03377008851893923,1.4434169861488044
20260730_indoor_ball_3m_front_static_run01,36,1785426604028052224,1,True,True,True,False,0.02391107368645964,1.8259999924339354
20260730_indoor_ball_3m_front_static_run01,37,1785426604127626240,1,True,True,True,False,0.022178504225413224,1.761334016919136
20260730_indoor_ball_3m_front_static_run01,38,1785426604229512448,0,False,True,True,True,0.02173126324693785,1.4516670489683747
20260730_indoor_ball_3m_front_static_run01,39,1785426604327749120,1,True,True,True,False,0.02383319563276146,1.8634580192156136
20260730_indoor_ball_3m_front_static_run01,40,1785426604429296896,1,True,True,True,False,0.030189028502738163,1.7629999783821404
20260730_indoor_ball_3m_front_static_run01,41,1785426604529660928,0,False,True,True,True,0.031589033085408495,1.465250039473176
20260730_indoor_ball_3m_front_static_run01,42,1785426604631163904,1,True,True,True,False,0.03736005026224371,1.8815840012393892
20260730_indoor_ball_3m_front_static_run01,43,1785426604730922752,1,True,True,True,False,0.027553612246644484,1.7298749880865216
20260730_indoor_ball_3m_front_static_run01,44,1785426604829577984,0,False,True,True,True,0.027704070984249825,1.4540000120177865
20260730_indoor_ball_3m_front_static_run01,45,1785426604930232064,1,True,True,True,False,0.035848978851396665,1.8138749874196947
20260730_indoor_ball_3m_front_static_run01,46,1785426605030807808,1,True,True,True,False,0.023300961002007108,1.758707978297025
20260730_indoor_ball_3m_front_static_run01,47,1785426605131855616,0,False,True,True,True,0.02282258050053991,1.4551670174114406
20260730_indoor_ball_3m_front_static_run01,48,1785426605231053824,1,True,True,True,False,0.03522131593201106,1.7393340240232646
20260730_indoor_ball_3m_front_static_run01,49,1785426605331606528,1,True,True,True,False,0.026285427348013035,1.7936249496415257
20260730_indoor_ball_3m_front_static_run01,50,1785426605432310016,0,False,True,True,True,0.026257140322192948,1.4335419982671738
20260730_indoor_ball_3m_front_static_run01,51,1785426605533463808,1,True,True,True,False,0.027345942319393263,1.8087920034304261
20260730_indoor_ball_3m_front_static_run01,52,1785426605633635840,1,True,True,True,False,0.032945080590651724,1.8037920235656202
20260730_indoor_ball_3m_front_static_run01,53,1785426605734354432,0,False,True,True,True,0.03363502042511047,1.4812499866820872
20260730_indoor_ball_3m_front_static_run01,54,1785426605833112832,1,True,True,True,False,0.028887658227990762,1.7359580378979445
20260730_indoor_ball_3m_front_static_run01,55,1785426605933436416,1,True,True,True,False,0.029634101152182714,1.8200419726781547
20260730_indoor_ball_3m_front_static_run01,56,1785426606034316800,0,False,True,True,True,0.02979577543120419,1.4228750369511545
20260730_indoor_ball_3m_front_static_run01,57,1785426606135498496,1,True,True,True,False,0.034333621350165516,1.8125830101780593
20260730_indoor_ball_3m_front_static_run01,58,1785426606233843712,1,True,True,True,False,0.03098917448376635,1.785874948836863
20260730_indoor_ball_3m_front_static_run01,59,1785426606334279424,0,False,True,True,True,0.03142624947070501,1.475666998885572
20260730_indoor_ball_3m_front_static_run01,60,1785426606434147840,1,True,True,True,False,0.03338957872622186,1.7445000121369958
20260730_indoor_ball_3m_front_static_run01,61,1785426606533902848,1,True,True,True,False,0.0304623759801546,1.8531249952502549
20260730_indoor_ball_3m_front_static_run01,62,1785426606637623552,0,False,True,True,True,0.030576525115840036,1.4680000022053719
20260730_indoor_ball_3m_front_static_run01,63,1785426606735344896,1,True,True,True,False,0.02731776344831314,1.7405000398866832
20260730_indoor_ball_3m_front_static_run01,64,1785426606837335552,1,True,True,True,False,0.02771321189700782,1.8270000000484288
20260730_indoor_ball_3m_front_static_run01,65,1785426606936643072,0,False,True,True,True,0.027521510487041857,1.4423750108107924
20260730_indoor_ball_3m_front_static_run01,66,1785426607034901504,1,True,True,True,False,0.033826030673896126,1.6755000106059015
20260730_indoor_ball_3m_front_static_run01,67,1785426607135964672,1,True,True,True,False,0.019345037142693564,1.8754169577732682
20260730_indoor_ball_3m_front_static_run01,68,1785426607235690240,0,False,True,True,True,0.01817366301307409,1.4589159982278943
20260730_indoor_ball_3m_front_static_run01,69,1785426607336110848,1,True,True,True,False,0.029764460123113182,1.731958007439971
20260730_indoor_ball_3m_front_static_run01,70,1785426607438007808,1,True,True,True,False,0.029941046748552743,1.8413749639876187
20260730_indoor_ball_3m_front_static_run01,71,1785426607538226432,0,False,True,True,True,0.03034328528951057,1.468542031943798
20260730_indoor_ball_3m_front_static_run01,72,1785426607635976448,1,True,True,True,False,0.04021081577605079,1.5888750203885138
20260730_indoor_ball_3m_front_static_run01,73,1785426607737127424,1,True,True,True,False,0.032284318370413144,1.7722499906085432
20260730_indoor_ball_3m_front_static_run01,74,1785426607838150912,1,True,True,True,False,0.0378778779162945,1.750416005961597
20260730_indoor_ball_3m_front_static_run01,75,1785426607938772224,1,True,True,True,False,0.04139350065154437,1.5968750230967999
20260730_indoor_ball_3m_front_static_run01,76,1785426608037894656,1,True,True,True,False,0.02592382551932994,1.7603750457055867
20260730_indoor_ball_3m_front_static_run01,77,1785426608139197696,1,True,True,True,False,0.03914531265842634,1.6372919781133533
20260730_indoor_ball_3m_front_static_run01,78,1785426608238634752,1,True,True,True,False,0.04497751756633932,1.6412919503636658
20260730_indoor_ball_3m_front_static_run01,79,1785426608338673408,1,True,True,True,False,0.028090258738308668,1.7499999958090484
20260730_indoor_ball_3m_front_static_run01,80,1785426608438182400,1,True,True,True,False,0.030947965937025795,1.6737919650040567
20260730_indoor_ball_3m_front_static_run01,81,1785426608541732608,1,True,True,True,False,0.035758973129815234,1.7050839960575104
20260730_indoor_ball_3m_front_static_run01,82,1785426608641548288,1,True,True,True,False,0.03431310319831361,1.8190419650636613
20260730_indoor_ball_3m_front_static_run01,83,1785426608739545344,1,True,True,True,False,0.040022918110088956,1.6035829903557897
20260730_indoor_ball_3m_front_static_run01,84,1785426608839586560,1,True,True,True,False,0.042383911113537225,1.6467089881189167
20260730_indoor_ball_3m_front_static_run01,85,1785426608940555264,1,True,True,True,False,0.03931128640188806,1.7745830118656158
20260730_indoor_ball_3m_front_static_run01,86,1785426609040027648,1,True,True,True,False,0.022482697009152727,1.6497500473633409
20260730_indoor_ball_3m_front_static_run01,87,1785426609139775744,1,True,True,True,False,0.04699754466463153,1.63704197620973
20260730_indoor_ball_3m_front_static_run01,88,1785426609240351232,1,True,True,True,False,0.036683600106841185,1.7665830091573298
20260730_indoor_ball_3m_front_static_run01,89,1785426609341379840,1,True,True,True,False,0.030012246772380954,1.69870798708871
20260730_indoor_ball_3m_front_static_run01,90,1785426609440532736,1,True,True,True,False,0.04216273170706332,1.6500829951837659
20260730_indoor_ball_3m_front_static_run01,91,1785426609541838592,1,True,True,True,False,0.03247877062430007,1.7579160048626363
20260730_indoor_ball_3m_front_static_run01,92,1785426609641582336,1,True,True,True,False,0.03551139470958433,1.6705000307410955
20260730_indoor_ball_3m_front_static_run01,93,1785426609740653312,1,True,True,True,False,0.04163184227364529,1.6448330134153366
20260730_indoor_ball_3m_front_static_run01,94,1785426609839978496,1,True,True,True,False,0.022532958338857514,1.7373329610563815
20260730_indoor_ball_3m_front_static_run01,95,1785426609940955648,1,True,True,True,False,0.024525540091706904,1.680959016084671
20260730_indoor_ball_3m_front_static_run01,96,1785426610040853760,1,True,True,True,False,0.04594816452193722,1.6385420458391309
20260730_indoor_ball_3m_front_static_run01,97,1785426610141043200,1,True,True,True,False,0.025802234913925123,1.7306670197285712
20260730_indoor_ball_3m_front_static_run01,98,1785426610241415424,1,True,True,True,False,0.026680953077751365,1.6654590144753456
20260730_indoor_ball_3m_front_static_run01,99,1785426610342381568,1,True,True,True,False,0.04842123429765459,1.6209169989451766
20260730_indoor_ball_3m_front_static_run01,100,1785426610441849088,1,True,True,True,False,0.03092056069268401,1.711999997496605
20260730_indoor_ball_3m_front_static_run01,101,1785426610543682816,1,True,True,True,False,0.02736458289579934,1.7606670153327286
20260730_indoor_ball_3m_front_static_run01,102,1785426610643954944,1,True,True,True,False,0.045628715648217515,1.631417020689696
20260730_indoor_ball_3m_front_static_run01,103,1785426610743392512,1,True,True,True,False,0.024383265594492994,1.7396249459125102
20260730_indoor_ball_3m_front_static_run01,104,1785426610844194816,1,True,True,True,False,0.02469198761991755,1.7387500265613198
20260730_indoor_ball_3m_front_static_run01,105,1785426610943700736,1,True,True,True,False,0.04106623196035151,1.6380420420318842
20260730_indoor_ball_3m_front_static_run01,106,1785426611043980032,1,True,True,True,False,0.02760767094924358,1.6874999855645
20260730_indoor_ball_3m_front_static_run01,107,1785426611143896576,1,True,True,True,False,0.03415311633477701,1.7051250324584544
20260730_indoor_ball_3m_front_static_run01,108,1785426611243335936,1,True,True,True,False,0.041250165024370886,1.7245420021936297
20260730_indoor_ball_3m_front_static_run01,109,1785426611343992064,1,True,True,True,False,0.03140283849689725,1.612875028513372
20260730_indoor_ball_3m_front_static_run01,110,1785426611448956672,1,True,True,True,False,0.03441007988204935,1.7602919833734632
20260730_indoor_ball_3m_front_static_run01,111,1785426611545842688,1,True,True,True,False,0.0342009247865563,1.712083991151303
20260730_indoor_ball_3m_front_static_run01,112,1785426611644696576,1,True,True,True,False,0.03052165750370654,1.6182910185307264
20260730_indoor_ball_3m_front_static_run01,113,1785426611746069248,1,True,True,True,False,0.02718658109440484,1.8077500280924141
20260730_indoor_ball_3m_front_static_run01,114,1785426611845644544,1,True,True,True,False,0.03430873853801618,1.6222079866565764
20260730_indoor_ball_3m_front_static_run01,115,1785426611944720384,1,True,True,True,False,0.02420394928174154,1.6953329904936254
20260730_indoor_ball_3m_front_static_run01,116,1785426612046012928,1,True,True,True,False,0.01770877215903745,1.752916956320405
20260730_indoor_ball_3m_front_static_run01,117,1785426612144623616,1,True,True,True,False,0.03170923534933762,1.6800829907879233
20260730_indoor_ball_3m_front_static_run01,118,1785426612245685248,1,True,True,True,False,0.01631720455948057,1.6754170064814389
20260730_indoor_ball_3m_front_static_run01,119,1785426612345088000,1,True,True,True,False,0.020076400202140156,1.7581249703653157
20260730_indoor_ball_3m_front_static_run01,120,1785426612446986240,1,True,True,True,False,0.04182075889973707,1.6138749779202044
20260730_indoor_ball_3m_front_static_run01,121,1785426612545782528,0,False,True,True,True,0.04392723187598051,1.468125032261014
20260730_indoor_ball_3m_front_static_run01,122,1785426612646327808,1,True,True,True,False,0.031620357896497996,2.044959052000195
20260730_indoor_ball_3m_front_static_run01,123,1785426612746525696,1,True,True,True,False,0.036052669847323644,1.6635420033708215
20260730_indoor_ball_3m_front_static_run01,124,1785426612848198144,0,False,True,True,True,0.0368674388552334,1.5373329515568912
20260730_indoor_ball_3m_front_static_run01,125,1785426612947942400,1,True,True,True,False,0.03223729727881334,1.83216598816216
20260730_indoor_ball_3m_front_static_run01,126,1785426613048928768,1,True,True,True,False,0.03556589741402853,1.843083999119699
20260730_indoor_ball_3m_front_static_run01,127,1785426613147372032,0,False,True,True,True,0.036224147439870076,1.488792011514306
20260730_indoor_ball_3m_front_static_run01,128,1785426613247011072,1,True,True,True,False,0.032330812802760796,1.8178330501541495
20260730_indoor_ball_3m_front_static_run01,129,1785426613347835648,1,True,True,True,False,0.028445788831228978,1.8461669678799808
20260730_indoor_ball_3m_front_static_run01,130,1785426613447877632,0,False,True,True,True,0.02807984664579492,1.4975420199334621
20260730_indoor_ball_3m_front_static_run01,131,1785426613547613952,1,True,True,True,False,0.027308402000274748,1.9109160057269037
20260730_indoor_ball_3m_front_static_run01,132,1785426613647812864,1,True,True,True,False,0.030645722303900873,2.0006250124424696
20260730_indoor_ball_3m_front_static_run01,133,1785426613749598464,0,False,True,True,True,0.0308363107261095,1.5827500028535724
20260730_indoor_ball_3m_front_static_run01,134,1785426613851261952,1,True,True,True,False,0.03350399248084256,1.8379579996690154
20260730_indoor_ball_3m_front_static_run01,135,1785426613949833472,1,True,True,True,False,0.033399705329244314,1.9892500131390989
20260730_indoor_ball_3m_front_static_run01,136,1785426614050466816,1,True,True,True,False,0.028069085396374035,1.6522499499842525
20260730_indoor_ball_3m_front_static_run01,137,1785426614150901248,1,True,True,True,False,0.02974817697440473,1.8459579441696405
20260730_indoor_ball_3m_front_static_run01,138,1785426614250694656,1,True,True,True,False,0.027823540257542568,1.9739170093089342
20260730_indoor_ball_3m_front_static_run01,139,1785426614349527552,0,False,True,True,True,0.027519503685170477,1.6420839820057154
20260730_indoor_ball_3m_front_static_run01,140,1785426614450699008,1,True,True,True,False,0.02760717192472084,1.8371249898336828
20260730_indoor_ball_3m_front_static_run01,141,1785426614550742016,1,True,True,True,False,0.03276847823103866,1.9612499745562673
20260730_indoor_ball_3m_front_static_run01,142,1785426614653187328,0,False,True,True,True,0.03316773877249993,1.5926670166663826
20260730_indoor_ball_3m_front_static_run01,143,1785426614751513856,1,True,True,True,False,0.031861854272803504,1.8317089998163283
20260730_indoor_ball_3m_front_static_run01,144,1785426614851956736,1,True,True,True,False,0.02369906479961943,2.012207987718284
20260730_indoor_ball_5m_front_static_run01,0,1785426874352631808,1,True,False,False,False,,1.6473750001750886
20260730_indoor_ball_5m_front_static_run01,1,1785426874454868736,1,True,True,True,False,0.027705429595598265,1.6577920177951455
20260730_indoor_ball_5m_front_static_run01,2,1785426874552185600,1,True,True,True,False,0.01991860804447904,1.7258329899050295
20260730_indoor_ball_5m_front_static_run01,3,1785426874651343104,1,True,True,True,False,0.031450601794719306,1.6700419946573675
20260730_indoor_ball_5m_front_static_run01,4,1785426874753288704,1,True,True,True,False,0.02873674365369597,1.6505419625900686
20260730_indoor_ball_5m_front_static_run01,5,1785426874854747648,1,True,True,True,False,0.015843201282697512,1.7513750353828073
20260730_indoor_ball_5m_front_static_run01,6,1785426874952248576,0,False,True,True,True,0.015536706740880696,1.6079589840956032
20260730_indoor_ball_5m_front_static_run01,7,1785426875052256512,1,True,True,True,False,0.024232512854866092,1.6162910033017397
20260730_indoor_ball_5m_front_static_run01,8,1785426875152310272,1,True,True,True,False,0.030260666450745287,1.6822079778648913
20260730_indoor_ball_5m_front_static_run01,9,1785426875252461824,0,False,True,True,True,0.03169808204155609,1.5865840250626206
20260730_indoor_ball_5m_front_static_run01,10,1785426875353600000,1,True,True,True,False,0.0289330678907327,1.5650000423192978
20260730_indoor_ball_5m_front_static_run01,11,1785426875452530432,1,True,True,True,False,0.02841598730767342,1.7329170368611813
20260730_indoor_ball_5m_front_static_run01,12,1785426875553079808,0,False,True,True,True,0.029754014728972458,1.6075000166893005
20260730_indoor_ball_5m_front_static_run01,13,1785426875654310144,1,True,True,True,False,0.02803190081403715,1.7559169791638851
20260730_indoor_ball_5m_front_static_run01,14,1785426875754475264,1,True,True,True,False,0.023580684326241726,1.764874963555485
20260730_indoor_ball_5m_front_static_run01,15,1785426875853609472,0,False,True,True,True,0.024503789625761125,1.6880419570952654
20260730_indoor_ball_5m_front_static_run01,16,1785426875957158912,0,False,True,True,True,0.025579791208423425,1.9982499652542174
20260730_indoor_ball_5m_front_static_run01,17,1785426876054407936,1,True,True,True,False,0.03495775273336489,1.9963340018875897
20260730_indoor_ball_5m_front_static_run01,18,1785426876154522368,1,True,True,True,False,0.0448836644733068,1.9698330434039235
20260730_indoor_ball_5m_front_static_run01,19,1785426876256026368,1,True,True,True,False,0.033060451604883315,1.8375420477241278
20260730_indoor_ball_5m_front_static_run01,20,1785426876354238464,1,True,True,True,False,0.03240227365250358,1.6990419826470315
20260730_indoor_ball_5m_front_static_run01,21,1785426876454444544,1,True,True,True,False,0.03506495426119793,1.6792499809525907
20260730_indoor_ball_5m_front_static_run01,22,1785426876555097344,1,True,True,True,False,0.029438512255600246,1.8125000060535967
20260730_indoor_ball_5m_front_static_run01,23,1785426876653851392,1,True,True,True,False,0.03384506069722238,1.9226250005885959
20260730_indoor_ball_5m_front_static_run01,24,1785426876753654016,1,True,True,True,False,0.011681180593384181,1.6181659884750843
20260730_indoor_ball_5m_front_static_run01,25,1785426876853862144,1,True,True,True,False,0.04319448125336915,1.554667018353939
20260730_indoor_ball_5m_front_static_run01,26,1785426876954780672,1,True,True,True,False,0.012345531288985152,1.6242500278167427
20260730_indoor_ball_5m_front_static_run01,27,1785426877057438208,1,True,True,True,False,0.015384583356007833,1.5704580000601709
20260730_indoor_ball_5m_front_static_run01,28,1785426877154320384,1,True,True,True,False,0.03228817976519136,1.5315419877879322
20260730_indoor_ball_5m_front_static_run01,29,1785426877254337536,1,True,True,True,False,0.015945251534993446,1.5879590064287186
20260730_indoor_ball_5m_front_static_run01,30,1785426877355567872,1,True,True,True,False,0.009894162106779767,1.5414169756695628
20260730_indoor_ball_5m_front_static_run01,31,1785426877456068352,1,True,True,True,False,0.026892094462170727,1.6724999877624214
20260730_indoor_ball_5m_front_static_run01,32,1785426877555827456,1,True,True,True,False,0.026006793025752532,1.7152500222437084
20260730_indoor_ball_5m_front_static_run01,33,1785426877656628992,1,True,True,True,False,0.005514085774720084,1.7875829944387078
20260730_indoor_ball_5m_front_static_run01,34,1785426877756665088,1,True,True,True,False,0.03666053260827793,1.8106250208802521
20260730_indoor_ball_5m_front_static_run01,35,1785426877856935424,1,True,True,True,False,0.020265356232684932,1.6716670361347497
20260730_indoor_ball_5m_front_static_run01,36,1785426877959034880,1,True,True,True,False,0.02275855595907031,1.643666997551918
20260730_indoor_ball_5m_front_static_run01,37,1785426878059902464,0,False,True,True,True,0.024638687093592997,1.4958750107325613
20260730_indoor_ball_5m_front_static_run01,38,1785426878159753728,1,True,True,True,False,0.011415837299700837,1.642916991841048
20260730_indoor_ball_5m_front_static_run01,39,1785426878259374592,0,False,True,True,True,0.011029562732032192,1.5211249701678753
20260730_indoor_ball_5m_front_static_run01,40,1785426878358325760,0,False,True,True,True,0.010685203585820653,1.463750028051436
20260730_indoor_ball_5m_front_static_run01,41,1785426878460809984,1,True,True,True,False,0.006963850029521857,1.5566250076517463
20260730_indoor_ball_5m_front_static_run01,42,1785426878558048512,1,True,True,True,False,0.03604286819299438,1.5758330118842423
20260730_indoor_ball_5m_front_static_run01,43,1785426878658106880,1,True,True,True,False,0.018527906015109667,1.686000032350421
20260730_indoor_ball_5m_front_static_run01,44,1785426878758640640,0,False,True,True,True,0.019269187497393748,1.7706669750623405
20260730_indoor_ball_5m_front_static_run01,45,1785426878859236608,1,True,True,True,False,0.008240107499140462,2.00954097090289
20260730_indoor_ball_5m_front_static_run01,46,1785426878961647872,1,True,True,True,False,0.021763682425380772,1.76129094325006
20260730_indoor_ball_5m_front_static_run01,47,1785426879061661952,0,False,True,True,True,0.022652633800747626,1.6423329943791032
20260730_indoor_ball_5m_front_static_run01,48,1785426879159989504,1,True,True,True,False,0.0322685016286048,1.8091249512508512
20260730_indoor_ball_5m_front_static_run01,49,1785426879260440832,1,True,True,True,False,0.023054211082679382,1.7578329425305128
20260730_indoor_ball_5m_front_static_run01,50,1785426879361423616,0,False,True,True,True,0.02369695770932318,1.6590410377830267
20260730_indoor_ball_5m_front_static_run01,51,1785426879459917056,1,True,True,True,False,0.025839484978820652,1.591166015714407
20260730_indoor_ball_5m_front_static_run01,52,1785426879561303808,1,True,True,True,False,0.026808532672026424,1.8367920420132577
20260730_indoor_ball_5m_front_static_run01,53,1785426879662131456,0,False,True,True,True,0.02810655432916742,1.6104169772006571
20260730_indoor_ball_5m_front_static_run01,54,1785426879760931840,1,True,True,True,False,0.03316632471882871,1.7398340278305113
20260730_indoor_ball_5m_front_static_run01,55,1785426879863577856,1,True,True,True,False,0.029907578188168457,1.5403330326080322
20260730_indoor_ball_5m_front_static_run01,56,1785426879963623680,0,False,True,True,True,0.03085756737815832,1.375042018480599
20260730_indoor_ball_5m_front_static_run01,57,1785426880062668544,1,True,True,True,False,0.028957361440702593,1.6145410481840372
20260730_indoor_ball_5m_front_static_run01,58,1785426880163522048,1,True,True,True,False,0.027003697889734127,1.5915000112727284
20260730_indoor_ball_5m_front_static_run01,59,1785426880262078720,0,False,True,True,True,0.027854249233575552,1.3721249997615814
20260730_indoor_ball_5m_front_static_run01,60,1785426880362740480,1,True,True,True,False,0.026290290619641613,1.6149160219356418
20260730_indoor_ball_5m_front_static_run01,61,1785426880462553600,1,True,True,True,False,0.03296325179458632,1.5711670275777578
20260730_indoor_ball_5m_front_static_run01,62,1785426880561683200,0,False,True,True,True,0.03539668088331055,1.3706250465475023
20260730_indoor_ball_5m_front_static_run01,63,1785426880661693440,1,True,True,True,False,0.029286629862496253,1.5922500169835985
20260730_indoor_ball_5m_front_static_run01,64,1785426880762502400,1,True,True,True,False,0.03381504562557418,1.5683340025134385
20260730_indoor_ball_5m_front_static_run01,65,1785426880861900544,0,False,True,True,True,0.03508924678113352,1.372625003568828
20260730_indoor_ball_5m_front_static_run01,66,1785426880962416128,1,True,True,True,False,0.026861876544753836,1.5766670112498105
20260730_indoor_ball_5m_front_static_run01,67,1785426881062858752,1,True,True,True,False,0.017968077064240254,1.639332971535623
20260730_indoor_ball_5m_front_static_run01,68,1785426881162800384,0,False,True,True,True,0.017669562346696435,1.5562909538857639
20260730_indoor_ball_5m_front_static_run01,69,1785426881262662912,1,True,True,True,False,0.01552917323096979,1.7910840106196702
20260730_indoor_ball_5m_front_static_run01,70,1785426881362317056,1,True,True,True,False,0.023838062758707427,1.6090419958345592
20260730_indoor_ball_5m_front_static_run01,71,1785426881463157504,0,False,True,True,True,0.024487996754492692,1.4233329566195607
20260730_indoor_ball_5m_front_static_run01,72,1785426881563810560,1,True,True,True,False,0.030180177611374696,1.7487499862909317
20260730_indoor_ball_5m_front_static_run01,73,1785426881663277312,1,True,True,True,False,0.02970870098446223,1.700500026345253
20260730_indoor_ball_5m_front_static_run01,74,1785426881764333568,0,False,True,True,True,0.03156284297257241,1.62733398610726
20260730_indoor_ball_5m_front_static_run01,75,1785426881863202048,1,True,True,True,False,0.031016532007363245,1.8345410353504121
20260730_indoor_ball_5m_front_static_run01,76,1785426881962906880,1,True,True,True,False,0.024337535985782192,1.7863340326584876
20260730_indoor_ball_5m_front_static_run01,77,1785426882065152000,0,False,True,True,True,0.024790251211539997,1.7748340032994747
20260730_indoor_ball_5m_front_static_run01,78,1785426882163424000,1,True,True,True,False,0.02005971311433972,1.7389580025337636
20260730_indoor_ball_5m_front_static_run01,79,1785426882264815872,1,True,True,True,False,0.0308830736734282,1.7135829548351467
20260730_indoor_ball_5m_front_static_run01,80,1785426882364528640,0,False,True,True,True,0.03195170520736856,1.604249991942197
20260730_indoor_ball_5m_front_static_run01,81,1785426882466761984,0,False,True,True,True,0.033058162767986746,1.7082919948734343
20260730_indoor_ball_5m_front_static_run01,82,1785426882564970240,1,True,True,True,False,0.027477707035633847,1.7937090015038848
20260730_indoor_ball_5m_front_static_run01,83,1785426882665395712,0,False,True,True,True,0.027736370908978708,1.6410420066677034
20260730_indoor_ball_5m_front_static_run01,84,1785426882766289408,1,True,True,True,False,0.033380847206412934,1.680249988567084
20260730_indoor_ball_5m_front_static_run01,85,1785426882866693632,1,True,True,True,False,0.01680663848543903,2.017374965362251
20260730_indoor_ball_5m_front_static_run01,86,1785426882968127232,0,False,True,True,True,0.016373397550559898,1.760957995429635
20260730_indoor_ball_5m_front_static_run01,87,1785426883066483456,1,True,True,True,False,0.035203693190987075,1.7312499694526196
20260730_indoor_ball_5m_front_static_run01,88,1785426883166731008,1,True,True,True,False,0.024375617617710628,1.7203750321641564
20260730_indoor_ball_5m_front_static_run01,89,1785426883267174144,1,True,True,True,False,0.02723321127142212,1.6752500087022781
20260730_indoor_ball_5m_front_static_run01,90,1785426883367194112,1,True,True,True,False,0.027140306711741034,1.714667014311999
20260730_indoor_ball_5m_front_static_run01,91,1785426883466690048,1,True,True,True,False,0.026109963842308258,1.7698340234346688
20260730_indoor_ball_5m_front_static_run01,92,1785426883566323200,1,True,True,True,False,0.0398876316729213,1.6496659955009818
20260730_indoor_ball_5m_front_static_run01,93,1785426883669299200,1,True,True,True,False,0.018342058983253265,1.7159580020233989
20260730_indoor_ball_5m_front_static_run01,94,1785426883767568128,1,True,True,True,False,0.032757312338286715,1.9963340018875897
20260730_indoor_ball_5m_front_static_run01,95,1785426883868735488,1,True,True,True,False,0.027857306233409304,1.7152499640360475
20260730_indoor_ball_5m_front_static_run01,96,1785426883969980160,1,True,True,True,False,0.03182224415584752,1.6308330232277513
20260730_indoor_ball_5m_front_static_run01,97,1785426884068686592,1,True,True,True,False,0.017103363415065593,1.6895830049179494
20260730_indoor_ball_5m_front_static_run01,98,1785426884170690560,1,True,True,True,False,0.02798018789336386,1.5695420443080366
20260730_indoor_ball_5m_front_static_run01,99,1785426884268731904,1,True,True,True,False,0.017649161203587012,1.66712497593835
20260730_indoor_ball_5m_front_static_run01,100,1785426884369010944,1,True,True,True,False,0.022706543319886273,1.7086659790948033
20260730_indoor_ball_5m_front_static_run01,101,1785426884469467904,1,True,True,True,False,0.04479618388677365,1.644000003580004
20260730_indoor_ball_5m_front_static_run01,102,1785426884569071872,1,True,True,True,False,0.028921772851947386,1.6416669823229313
20260730_indoor_ball_5m_front_static_run01,103,1785426884670266624,1,True,True,True,False,0.04308870178201791,1.7455840134061873
20260730_indoor_ball_5m_front_static_run01,104,1785426884770652416,1,True,True,True,False,0.0453801526831951,1.8132909899577498
20260730_indoor_ball_5m_front_static_run01,105,1785426884869298688,1,True,True,True,False,0.02386097024908807,1.6165420529432595
20260730_indoor_ball_5m_front_static_run01,106,1785426884970524672,1,True,True,True,False,0.03014612487959972,1.744624983984977
20260730_indoor_ball_5m_front_static_run01,107,1785426885070927872,1,True,True,True,False,0.028011679124042344,1.6875829896889627
20260730_indoor_ball_5m_front_static_run01,108,1785426885171330560,1,True,True,True,False,0.027018967120409326,1.688582997303456
20260730_indoor_ball_5m_front_static_run01,109,1785426885270269696,1,True,True,True,False,0.018052107718115957,1.6303330194205046
20260730_indoor_ball_5m_front_static_run01,110,1785426885371745792,1,True,True,True,False,0.03841196394169413,1.5834589721634984
20260730_indoor_ball_5m_front_static_run01,111,1785426885471110144,1,True,True,True,False,0.03837436047358467,1.572042005136609
20260730_indoor_ball_5m_front_static_run01,112,1785426885573808896,1,True,True,True,False,0.021116625493383286,1.6439579776488245
20260730_indoor_ball_5m_front_static_run01,113,1785426885674065408,1,True,True,True,False,0.025092002637762775,1.593374996446073
20260730_indoor_ball_5m_front_static_run01,114,1785426885771879680,1,True,True,True,False,0.04684356950631675,1.591583015397191
20260730_indoor_ball_5m_front_static_run01,115,1785426885872347904,1,True,True,True,False,0.036345019033621626,1.5520830056630075
20260730_indoor_ball_5m_front_static_run01,116,1785426885973309440,1,True,True,True,False,0.0317680902130043,1.585707999765873
20260730_indoor_ball_5m_front_static_run01,117,1785426886072467968,1,True,True,True,False,0.04328988851255818,1.5714169712737203
20260730_indoor_ball_5m_front_static_run01,118,1785426886172037888,1,True,True,True,False,0.0317187802721201,1.5916249831207097
20260730_indoor_ball_5m_front_static_run01,119,1785426886273581568,1,True,True,True,False,0.012074082970820382,1.5669590211473405
20260730_indoor_ball_5m_front_static_run01,120,1785426886372333056,1,True,True,True,False,0.0365436325379915,1.77145900670439
20260730_indoor_ball_5m_front_static_run01,121,1785426886472919040,1,True,True,True,False,0.02206132953144746,1.675874984357506
20260730_indoor_ball_5m_front_static_run01,122,1785426886572656128,1,True,True,True,False,0.020066027278268252,1.595166977494955
20260730_indoor_ball_5m_front_static_run01,123,1785426886672818944,1,True,True,True,False,0.03507171385841205,1.9152499735355377
20260730_indoor_ball_5m_front_static_run01,124,1785426886775208960,1,True,True,True,False,0.015503799505535782,1.684082963038236
20260730_indoor_ball_5m_front_static_run01,125,1785426886873177856,1,True,True,True,False,0.03171595235584477,1.6025829827412963
20260730_indoor_ball_5m_front_static_run01,126,1785426886973352448,1,True,True,True,False,0.023627593844490966,1.7672089743427932
20260730_indoor_ball_5m_front_static_run01,127,1785426887073603584,1,True,True,True,False,0.009883438936088925,1.7044999985955656
20260730_indoor_ball_5m_front_static_run01,128,1785426887174040320,0,False,True,True,True,0.009875079240636136,1.6177909565158188
20260730_indoor_ball_5m_front_static_run01,129,1785426887275919360,1,True,True,True,False,0.01848797914998426,1.6190409660339355
20260730_indoor_ball_5m_front_static_run01,130,1785426887375665920,1,True,True,True,False,0.016323695794671633,1.7067090375348926
20260730_indoor_ball_5m_front_static_run01,131,1785426887475226112,1,True,True,True,False,0.03174775592332875,1.9192919717170298
20260730_indoor_ball_5m_front_static_run01,132,1785426887576204288,1,True,True,True,False,0.02474473770035791,1.8025000463239849
20260730_indoor_ball_5m_front_static_run01,133,1785426887677549312,0,False,True,True,True,0.026281237453320887,1.9667080487124622
20260730_indoor_ball_5m_front_static_run01,134,1785426887776273408,1,True,True,True,False,0.026135547224706533,1.716708007734269
20260730_indoor_ball_5m_front_static_run01,135,1785426887875767552,0,False,True,True,True,0.027213147149661623,1.662541995756328
20260730_indoor_ball_5m_front_static_run01,136,1785426887976120320,0,False,True,True,True,0.028316260321042022,1.5718749491497874
20260730_indoor_ball_5m_front_static_run01,137,1785426888076556288,1,True,True,True,False,0.030666887607659617,1.7018340295180678
20260730_indoor_ball_5m_front_static_run01,138,1785426888177385984,1,True,True,True,False,0.031283413061849494,1.8067079945467412
20260730_indoor_ball_5m_front_static_run01,139,1785426888277560576,0,False,True,True,True,0.03244069506992832,1.6747090267017484
20260730_indoor_ball_5m_front_static_run01,140,1785426888376759296,1,True,True,True,False,0.027661169482289853,1.7861659871414304
20260730_indoor_ball_5m_front_static_run01,141,1785426888475851776,1,True,True,True,False,0.01525091232139549,1.8215000163763762
20260730_indoor_ball_5m_front_static_run01,142,1785426888576188160,0,False,True,True,True,0.014743643743570291,1.5797920059412718
20260730_indoor_ball_5m_front_static_run01,143,1785426888678116608,1,True,True,True,False,0.020143024996773735,1.807624998036772
20260730_indoor_no_ball_5m_paired_static_run01,0,1785427027047593472,0,False,False,False,False,,1.6282910364679992
20260730_indoor_no_ball_5m_paired_static_run01,1,1785427027148565504,0,False,False,False,False,,1.5614169533364475
20260730_indoor_no_ball_5m_paired_static_run01,2,1785427027248090112,0,False,False,False,False,,1.6221250407397747
20260730_indoor_no_ball_5m_paired_static_run01,3,1785427027347680256,0,False,False,False,False,,2.821083995513618
20260730_indoor_no_ball_5m_paired_static_run01,4,1785427027451347456,0,False,False,False,False,,1.4632919919677079
20260730_indoor_no_ball_5m_paired_static_run01,5,1785427027551198464,0,False,False,False,False,,1.599583018105477
20260730_indoor_no_ball_5m_paired_static_run01,6,1785427027650088704,0,False,False,False,False,,1.5547089860774577
20260730_indoor_no_ball_5m_paired_static_run01,7,1785427027749672704,0,False,False,False,False,,1.4363329974003136
20260730_indoor_no_ball_5m_paired_static_run01,8,1785427027851801856,0,False,False,False,False,,1.5326249995268881
20260730_indoor_no_ball_5m_paired_static_run01,9,1785427027950748928,0,False,False,False,False,,1.6588749713264406
20260730_indoor_no_ball_5m_paired_static_run01,10,1785427028049785600,0,False,False,False,False,,1.6539159696549177
20260730_indoor_no_ball_5m_paired_static_run01,11,1785427028150335488,0,False,False,False,False,,1.468417001888156
20260730_indoor_no_ball_5m_paired_static_run01,12,1785427028249376768,0,False,False,False,False,,1.5820409753359854
20260730_indoor_no_ball_5m_paired_static_run01,13,1785427028349247488,0,False,False,False,False,,1.5078750438988209
20260730_indoor_no_ball_5m_paired_static_run01,14,1785427028449602560,0,False,False,False,False,,1.4241249882616103
20260730_indoor_no_ball_5m_paired_static_run01,15,1785427028550078208,0,False,False,False,False,,1.8288749852217734
20260730_indoor_no_ball_5m_paired_static_run01,16,1785427028650017792,0,False,False,False,False,,1.460457977373153
20260730_indoor_no_ball_5m_paired_static_run01,17,1785427028751873024,0,False,False,False,False,,1.5766670112498105
20260730_indoor_no_ball_5m_paired_static_run01,18,1785427028851432192,0,False,False,False,False,,1.4979169936850667
20260730_indoor_no_ball_5m_paired_static_run01,19,1785427028951160832,0,False,False,False,False,,1.7385829705744982
20260730_indoor_no_ball_5m_paired_static_run01,20,1785427029051092480,0,False,False,False,False,,1.5955829876475036
20260730_indoor_no_ball_5m_paired_static_run01,21,1785427029154362624,0,False,False,False,False,,1.4620840083807707
20260730_indoor_no_ball_5m_paired_static_run01,22,1785427029252660480,0,False,False,False,False,,1.5484169707633555
20260730_indoor_no_ball_5m_paired_static_run01,23,1785427029352222720,0,False,False,False,False,,1.5569580136798322
20260730_indoor_no_ball_5m_paired_static_run01,24,1785427029452951552,0,False,False,False,False,,1.5356250223703682
20260730_indoor_no_ball_5m_paired_static_run01,25,1785427029551923456,0,False,False,False,False,,1.447124988771975
20260730_indoor_no_ball_5m_paired_static_run01,26,1785427029653057536,0,False,False,False,False,,1.4699590392410755
20260730_indoor_no_ball_5m_paired_static_run01,27,1785427029751947264,0,False,False,False,False,,1.5842909924685955
20260730_indoor_no_ball_5m_paired_static_run01,28,1785427029852798208,0,False,False,False,False,,1.5372500056400895
20260730_indoor_no_ball_5m_paired_static_run01,29,1785427029953949184,0,False,False,False,False,,1.4985839952714741
20260730_indoor_no_ball_5m_paired_static_run01,30,1785427030054397696,0,False,False,False,False,,1.6239589895121753
20260730_indoor_no_ball_5m_paired_static_run01,31,1785427030152729088,0,False,False,False,False,,1.5174580039456487
20260730_indoor_no_ball_5m_paired_static_run01,32,1785427030254676480,0,False,False,False,False,,1.5744579723104835
20260730_indoor_no_ball_5m_paired_static_run01,33,1785427030353029632,0,False,False,False,False,,1.4641660382039845
20260730_indoor_no_ball_5m_paired_static_run01,34,1785427030452859648,0,False,False,False,False,,1.476458040997386
20260730_indoor_no_ball_5m_paired_static_run01,35,1785427030556162048,0,False,False,False,False,,1.4334580046124756
20260730_indoor_no_ball_5m_paired_static_run01,36,1785427030656927488,0,False,False,False,False,,1.4592919615097344
20260730_indoor_no_ball_5m_paired_static_run01,37,1785427030756929536,0,False,False,False,False,,1.4107919996604323
20260730_indoor_no_ball_5m_paired_static_run01,38,1785427030853592832,0,False,False,False,False,,1.4283330528996885
20260730_indoor_no_ball_5m_paired_static_run01,39,1785427030954831872,0,False,False,False,False,,1.5642090002074838
20260730_indoor_no_ball_5m_paired_static_run01,40,1785427031053899264,0,False,False,False,False,,1.4352090074680746
20260730_indoor_no_ball_5m_paired_static_run01,41,1785427031156624896,0,False,False,False,False,,1.3935829629190266
20260730_indoor_no_ball_5m_paired_static_run01,42,1785427031255730688,0,False,False,False,False,,1.3744589523412287
20260730_indoor_no_ball_5m_paired_static_run01,43,1785427031355214336,0,False,False,False,False,,1.3787500211037695
20260730_indoor_no_ball_5m_paired_static_run01,44,1785427031456957184,0,False,False,False,False,,1.3803329784423113
20260730_indoor_no_ball_5m_paired_static_run01,45,1785427031554946560,0,False,False,False,False,,1.4429580187425017
20260730_indoor_no_ball_5m_paired_static_run01,46,1785427031657096704,0,False,False,False,False,,1.3784589827992022
20260730_indoor_no_ball_5m_paired_static_run01,47,1785427031755672832,0,False,False,False,False,,1.5020410064607859
20260730_indoor_no_ball_5m_paired_static_run01,48,1785427031856846336,0,False,False,False,False,,1.4892080216668546
20260730_indoor_no_ball_5m_paired_static_run01,49,1785427031957133824,0,False,False,False,False,,1.4600830036215484
20260730_indoor_no_ball_5m_paired_static_run01,50,1785427032059459840,0,False,False,False,False,,1.4805829850956798
20260730_indoor_no_ball_5m_paired_static_run01,51,1785427032157017600,0,False,False,False,False,,1.4664999907836318
20260730_indoor_no_ball_5m_paired_static_run01,52,1785427032258918656,0,False,False,False,False,,1.5052910312078893
20260730_indoor_no_ball_5m_paired_static_run01,53,1785427032357403648,0,False,False,False,False,,1.64470897288993
20260730_indoor_no_ball_5m_paired_static_run01,54,1785427032457063168,0,False,False,False,False,,1.4370830031111836
20260730_indoor_no_ball_5m_paired_static_run01,55,1785427032560354816,0,False,False,False,False,,1.4563750009983778
20260730_indoor_no_ball_5m_paired_static_run01,56,1785427032657513984,0,False,False,False,False,,1.7263749614357948
20260730_indoor_no_ball_5m_paired_static_run01,57,1785427032758718976,0,False,False,False,False,,1.5414999797940254
20260730_indoor_no_ball_5m_paired_static_run01,58,1785427032860783104,0,False,False,False,False,,1.5085000195540488
20260730_indoor_no_ball_5m_paired_static_run01,59,1785427032957409024,0,False,False,False,False,,1.4652920071966946
20260730_indoor_no_ball_5m_paired_static_run01,60,1785427033058143488,0,False,False,False,False,,1.4106250018812716
20260730_indoor_no_ball_5m_paired_static_run01,61,1785427033159509760,0,False,False,False,False,,1.430374977644533
20260730_indoor_no_ball_5m_paired_static_run01,62,1785427033260872704,0,False,False,False,False,,1.3894169824197888
20260730_indoor_no_ball_5m_paired_static_run01,63,1785427033360943104,0,False,False,False,False,,1.522707985714078
20260730_indoor_no_ball_5m_paired_static_run01,64,1785427033459213056,0,False,False,False,False,,1.4258750015869737
20260730_indoor_no_ball_5m_paired_static_run01,65,1785427033562224128,0,False,False,False,False,,1.4484169660136104
20260730_indoor_no_ball_5m_paired_static_run01,66,1785427033659953152,0,False,False,False,False,,1.4309170073829591
20260730_indoor_no_ball_5m_paired_static_run01,67,1785427033759941120,0,False,False,False,False,,1.4430420123971999
20260730_indoor_no_ball_5m_paired_static_run01,68,1785427033860014336,0,False,False,False,False,,1.4050420140847564
20260730_indoor_no_ball_5m_paired_static_run01,69,1785427033963549184,0,False,False,False,False,,1.3927079853601754
20260730_indoor_no_ball_5m_paired_static_run01,70,1785427034060941824,0,False,False,False,False,,1.3941249926574528
20260730_indoor_no_ball_5m_paired_static_run01,71,1785427034162065664,0,False,False,False,False,,1.391375029925257
20260730_indoor_no_ball_5m_paired_static_run01,72,1785427034260033024,0,False,False,False,False,,1.417374995071441
20260730_indoor_no_ball_5m_paired_static_run01,73,1785427034362071296,0,False,False,False,False,,1.4798750053159893
20260730_indoor_no_ball_5m_paired_static_run01,74,1785427034461894656,0,False,False,False,False,,1.6137919737957418
20260730_indoor_no_ball_5m_paired_static_run01,75,1785427034561048320,0,False,False,False,False,,1.4791670255362988
20260730_indoor_no_ball_5m_paired_static_run01,76,1785427034663379200,0,False,False,False,False,,1.5976250288076699
20260730_indoor_no_ball_5m_paired_static_run01,77,1785427034761994240,1,False,False,False,False,,1.8957499996758997
20260730_indoor_no_ball_5m_paired_static_run01,78,1785427034862163456,0,False,False,False,False,,1.5034579555504024
20260730_indoor_no_ball_5m_paired_static_run01,79,1785427034962146560,0,False,False,False,False,,1.5056669944897294
20260730_indoor_no_ball_5m_paired_static_run01,80,1785427035065605632,0,False,False,False,False,,1.4472919865511358
20260730_indoor_no_ball_5m_paired_static_run01,81,1785427035164135424,0,False,False,False,False,,1.6192079638130963
20260730_indoor_no_ball_5m_paired_static_run01,82,1785427035263896832,0,False,False,False,False,,1.5532919787801802
20260730_indoor_no_ball_5m_paired_static_run01,83,1785427035365531392,0,False,False,False,False,,1.4489589957520366
20260730_indoor_no_ball_5m_paired_static_run01,84,1785427035463872512,0,False,False,False,False,,1.65049999486655
20260730_indoor_no_ball_5m_paired_static_run01,85,1785427035564556544,0,False,False,False,False,,1.50095799472183
20260730_indoor_no_ball_5m_paired_static_run01,86,1785427035662842880,0,False,False,False,False,,1.6053749714046717
20260730_indoor_no_ball_5m_paired_static_run01,87,1785427035763416064,0,False,False,False,False,,1.6750000067986548
20260730_indoor_no_ball_5m_paired_static_run01,88,1785427035863842560,0,False,False,False,False,,1.46041699917987
20260730_indoor_no_ball_5m_paired_static_run01,89,1785427035963646464,0,False,False,False,False,,1.482499996200204
20260730_indoor_no_ball_5m_paired_static_run01,90,1785427036066336256,0,False,False,False,False,,1.486875000409782
20260730_indoor_no_ball_5m_paired_static_run01,91,1785427036165961728,0,False,False,False,False,,1.440666033886373
20260730_indoor_no_ball_5m_paired_static_run01,92,1785427036267287296,0,False,False,False,False,,1.427958020940423
20260730_indoor_no_ball_5m_paired_static_run01,93,1785427036364258560,0,False,False,False,False,,1.4270409592427313
20260730_indoor_no_ball_5m_paired_static_run01,94,1785427036464813568,0,False,False,False,False,,1.480375009123236
20260730_indoor_no_ball_5m_paired_static_run01,95,1785427036565147904,0,False,False,False,False,,1.4174590469338
20260730_indoor_no_ball_5m_paired_static_run01,96,1785427036665600256,0,False,False,False,False,,1.4831669977866113
20260730_indoor_no_ball_5m_paired_static_run01,97,1785427036767722752,0,False,False,False,False,,1.4765419764444232
20260730_indoor_no_ball_5m_paired_static_run01,98,1785427036866674944,0,False,False,False,False,,1.4168749912641943
20260730_indoor_no_ball_5m_paired_static_run01,99,1785427036965371904,0,False,False,False,False,,1.4212079695425928
20260730_indoor_no_ball_5m_paired_static_run01,100,1785427037067522816,0,False,False,False,False,,1.4023749972693622
20260730_indoor_no_ball_5m_paired_static_run01,101,1785427037168160000,0,False,False,False,False,,1.4156249817460775
20260730_indoor_no_ball_5m_paired_static_run01,102,1785427037268244480,0,False,False,False,False,,1.4356249594129622
20260730_indoor_no_ball_5m_paired_static_run01,103,1785427037368098560,0,False,False,False,False,,1.4641250018030405
20260730_indoor_no_ball_5m_paired_static_run01,104,1785427037469272576,0,False,False,False,False,,1.7175829852931201
20260730_indoor_no_ball_5m_paired_static_run01,105,1785427037567580416,0,False,False,False,False,,1.532500027678907
20260730_indoor_no_ball_5m_paired_static_run01,106,1785427037667308032,0,False,False,False,False,,1.5250000287778676
20260730_indoor_no_ball_5m_paired_static_run01,107,1785427037767951872,0,False,False,False,False,,1.55683298362419
20260730_indoor_no_ball_5m_paired_static_run01,108,1785427037869235712,0,False,False,False,False,,1.6434999997727573
20260730_indoor_no_ball_5m_paired_static_run01,109,1785427037968506880,0,False,False,False,False,,1.538958982564509
20260730_indoor_no_ball_5m_paired_static_run01,110,1785427038069677312,0,False,False,False,False,,1.532082969788462
20260730_indoor_no_ball_5m_paired_static_run01,111,1785427038170289152,0,False,False,False,False,,1.5149159589782357
20260730_indoor_no_ball_5m_paired_static_run01,112,1785427038269902592,0,False,False,False,False,,1.4662499888800085
20260730_indoor_no_ball_5m_paired_static_run01,113,1785427038369457152,0,False,False,False,False,,1.5607919776812196
20260730_indoor_no_ball_5m_paired_static_run01,114,1785427038469381120,0,False,False,False,False,,1.481165993027389
20260730_indoor_no_ball_5m_paired_static_run01,115,1785427038572537344,0,False,False,False,False,,1.5218749758787453
20260730_indoor_no_ball_5m_paired_static_run01,116,1785427038671700736,0,False,False,False,False,,1.5219170018099248
20260730_indoor_no_ball_5m_paired_static_run01,117,1785427038769316352,0,False,False,False,False,,1.5489999786950648
20260730_indoor_no_ball_5m_paired_static_run01,118,1785427038869879296,0,False,False,False,False,,1.5211250283755362
20260730_indoor_no_ball_5m_paired_static_run01,119,1785427038973085952,0,False,False,False,False,,1.5638749464415014
20260730_indoor_no_ball_5m_paired_static_run01,120,1785427039072872704,0,False,False,False,False,,1.5661659999750555
20260730_indoor_no_ball_5m_paired_static_run01,121,1785427039171390976,0,False,False,False,False,,1.5228749834932387
20260730_indoor_no_ball_5m_paired_static_run01,122,1785427039272643584,0,False,False,False,False,,1.4819580246694386
20260730_indoor_no_ball_5m_paired_static_run01,123,1785427039371707392,0,False,False,False,False,,1.4455829514190555
20260730_indoor_no_ball_5m_paired_static_run01,124,1785427039471880960,0,False,False,False,False,,1.4103749999776483
20260730_indoor_no_ball_5m_paired_static_run01,125,1785427039571874048,0,False,False,False,False,,1.4070420293137431
20260730_indoor_no_ball_5m_paired_static_run01,126,1785427039674391552,0,False,False,False,False,,1.4349590055644512
20260730_indoor_no_ball_5m_paired_static_run01,127,1785427039772973568,0,False,False,False,False,,1.3959159841760993
20260730_indoor_no_ball_5m_paired_static_run01,128,1785427039873253632,0,False,False,False,False,,1.4157500118017197
20260730_indoor_no_ball_5m_paired_static_run01,129,1785427039973944064,0,False,False,False,False,,1.6096250037662685
20260730_indoor_no_ball_5m_paired_static_run01,130,1785427040074649344,0,False,False,False,False,,1.4662910252809525
20260730_indoor_no_ball_5m_paired_static_run01,131,1785427040174482176,0,False,False,False,False,,1.4831669977866113
20260730_indoor_no_ball_5m_paired_static_run01,132,1785427040274371584,0,False,False,False,False,,1.5635419986210763
20260730_indoor_no_ball_5m_paired_static_run01,133,1785427040373119232,0,False,False,False,False,,1.5516250277869403
20260730_indoor_no_ball_5m_paired_static_run01,134,1785427040473617664,0,False,False,False,False,,1.4756249729543924
20260730_indoor_no_ball_5m_paired_static_run01,135,1785427040575717632,0,False,False,False,False,,1.6987919807434082
20260730_indoor_no_ball_5m_paired_static_run01,136,1785427040675064576,0,False,False,False,False,,1.6915840096771717
20260730_indoor_no_ball_5m_paired_static_run01,137,1785427040774964224,0,False,False,False,False,,1.5863340231589973
20260730_indoor_no_ball_5m_paired_static_run01,138,1785427040874881024,0,False,False,False,False,,1.491333998274058
20260730_indoor_no_ball_5m_paired_static_run01,139,1785427040977950208,0,False,False,False,False,,1.523541985079646
20260730_indoor_no_ball_5m_paired_static_run01,140,1785427041077329408,0,False,False,False,False,,1.4671660028398037
20260730_indoor_no_ball_5m_paired_static_run01,141,1785427041176217344,0,False,False,False,False,,1.4808749547228217
20260730_indoor_no_ball_5m_paired_static_run01,142,1785427041277470208,0,False,False,False,False,,1.4950839686207473
20260730_indoor_no_ball_5m_paired_static_run01,143,1785427041377731072,0,False,False,False,False,,1.435167039744556
